"Genes","cluster","logFC_4","P.Value_4","logFC_8","P.Value_8","logFC_12","P.Value_12","logFC_16","P.Value_16","significant_timepoints","direction_type","Host factor type","logFC_mean_sig","logFC_abs_max_sig","logFC_max_with_sign_sig","pattern"
"ACAD10",2,0.042979348,0.762675572,-0.109370885,0.386101347,0.127187913,0.295871975,0.956138816,7.29e-06,"16h","all_up","0",0.956138816,0.956138816,0.956138816,"16h_all_up"
"ACRC",5,-0.056609024,0.691341885,0.672342264,0.001817006,0.623363359,0.007801775,1.904441708,1.22e-12,"8h,12h,16h","all_up","0",1.066715777,1.904441708,1.904441708,"8h,12h,16h_all_up"
"ACSBG1",5,-0.046529612,0.227033776,0.04145824,0.449521437,0.251681696,5.17e-05,1.26212062,5.72e-13,"16h","all_up","0",1.26212062,1.26212062,1.26212062,"16h_all_up"
"ACSL3",4,0.009338708,0.922735894,0.005678302,0.941637063,-0.216084924,0.026448224,-0.681896288,2.62e-06,"16h","all_down","0",-0.681896288,0.681896288,-0.681896288,"16h_all_down"
"ACTA1",5,-0.065470503,0.509837381,0.373854509,0.00034241,0.372619102,0.000985766,1.353558485,4.76e-12,"16h","all_up","0",1.353558485,1.353558485,1.353558485,"16h_all_up"
"ACVR1",4,0.006460598,0.953104532,-0.206976143,0.030901934,-0.07935228,0.456737445,-0.6079247,7.27e-05,"16h","all_down","0",-0.6079247,0.6079247,-0.6079247,"16h_all_down"
"AHCTF1",4,0.11686716,0.265282472,0.212587394,0.051737528,-0.045703147,0.697182904,-0.680119821,1.3e-06,"16h","all_down","0",-0.680119821,0.680119821,-0.680119821,"16h_all_down"
"ALDH3B1",3,-0.276435974,0.410980746,-1.428804356,0.000219252,0.122233939,0.686961105,0.221912946,0.273389469,"8h","all_down","0",-1.428804356,1.428804356,-1.428804356,"8h_all_down"
"ALDH9A1",4,0.059715368,0.517032596,-0.24204636,0.037337138,-0.05510011,0.647482008,-0.609294692,0.000577973,"16h","all_down","0",-0.609294692,0.609294692,-0.609294692,"16h_all_down"
"ALG1L2",5,0.134383383,0.270874698,1.439508197,1.36e-08,4.776923219,1.71e-13,5.642849196,2.06e-18,"8h,12h,16h","all_up","0",3.953093537,5.642849196,5.642849196,"8h,12h,16h_all_up"
"ALPK3",5,5.25e-05,0.999575262,0.213087098,0.018083171,0.347131899,0.000871848,1.725462793,3.57e-12,"16h","all_up","HDF",1.725462793,1.725462793,1.725462793,"16h_all_up"
"AMOT",4,0.128901678,0.330833006,-0.35531059,0.003518167,-0.178191476,0.056238845,-0.901465626,1.39e-06,"16h","all_down","HDF",-0.901465626,0.901465626,-0.901465626,"16h_all_down"
"AMOTL2",2,-0.106610051,0.311163903,0.144864431,0.356514095,-0.003460416,0.977203933,1.009317818,2.44e-06,"16h","all_up","0",1.009317818,1.009317818,1.009317818,"16h_all_up"
"ANKRD26P1",5,0.060602573,0.192750452,0.068756755,0.079848423,0.140147532,0.007117798,0.65300048,7.72e-05,"16h","all_up","0",0.65300048,0.65300048,0.65300048,"16h_all_up"
"ANXA8L2",5,-0.042951037,0.591731043,0.252087713,0.001940831,0.005505293,0.941065225,0.587427626,3.81e-08,"16h","all_up","0",0.587427626,0.587427626,0.587427626,"16h_all_up"
"AOC3",5,0.069196848,0.3816889,0.395611627,0.000175896,0.150488951,0.081782327,1.137034565,4.39e-10,"16h","all_up","0",1.137034565,1.137034565,1.137034565,"16h_all_up"
"AP3D1",5,0.080256167,0.473803763,0.105474302,0.24444311,0.17446591,0.124762007,0.586992208,1.32e-06,"16h","all_up","0",0.586992208,0.586992208,0.586992208,"16h_all_up"
"APEX2",4,-0.166476496,0.107590082,-0.082829988,0.367623271,-0.135691446,0.253039039,-1.037275426,3.34e-07,"16h","all_down","0",-1.037275426,1.037275426,-1.037275426,"16h_all_down"
"APOLD1",5,-0.143054791,0.241406299,0.171164291,0.149340266,0.193990852,0.351880323,0.953560447,3.15e-05,"16h","all_up","0",0.953560447,0.953560447,0.953560447,"16h_all_up"
"AQP1",5,-0.078415021,0.481318916,0.221921905,0.016185517,0.38105341,0.000272491,0.961241679,3.78e-09,"16h","all_up","0",0.961241679,0.961241679,0.961241679,"16h_all_up"
"AQP5",3,-0.166961081,0.284312601,-0.613851014,0.000642872,-0.13283132,0.404216232,-0.104740757,0.272073025,"8h","all_down","0",-0.613851014,0.613851014,-0.613851014,"8h_all_down"
"ARHGAP5",6,0.209635448,0.077443394,0.020066367,0.85682617,0.015889824,0.892790396,0.591840589,1.65e-05,"16h","all_up","0",0.591840589,0.591840589,0.591840589,"16h_all_up"
"ARID5A",5,-0.218399654,0.042954433,-0.032097756,0.687952661,0.181110569,0.056990001,0.604142308,7.39e-07,"16h","all_up","HDF",0.604142308,0.604142308,0.604142308,"16h_all_up"
"ARL9",5,0.001139088,0.985395231,0.113273009,0.11519211,0.056878025,0.513282639,0.742100591,2.96e-09,"16h","all_up","0",0.742100591,0.742100591,0.742100591,"16h_all_up"
"ASB15",5,-0.010883654,0.917379382,0.426994695,0.013256669,0.311609292,0.148211786,1.279869192,4.89e-12,"16h","all_up","0",1.279869192,1.279869192,1.279869192,"16h_all_up"
"ASNS",5,-0.052023034,0.606091909,0.15073096,0.1112096,0.035710582,0.668262464,0.775985454,9.2e-08,"16h","all_up","0",0.775985454,0.775985454,0.775985454,"16h_all_up"
"ASPRV1",5,-0.059138407,0.74346445,0.511157885,0.002155338,0.059949382,0.686320684,1.515542759,2.15e-09,"16h","all_up","0",1.515542759,1.515542759,1.515542759,"16h_all_up"
"ASTE1",4,0.096166079,0.261602483,0.159360733,0.191786288,-0.114893416,0.298891796,-0.612305886,2.44e-05,"16h","all_down","0",-0.612305886,0.612305886,-0.612305886,"16h_all_down"
"ASXL1",5,-0.057213494,0.572510961,0.266729102,0.019693094,0.09871887,0.337033545,0.61971522,1.06e-06,"16h","all_up","0",0.61971522,0.61971522,0.61971522,"16h_all_up"
"ATF3",5,-0.18879851,0.256867754,0.060212384,0.634031037,0.198703356,0.084675914,1.752946622,5.59e-12,"16h","all_up","HRF",1.752946622,1.752946622,1.752946622,"16h_all_up"
"ATP8B5P",4,0.118409233,0.260981282,-0.236089792,0.008229257,-0.566441005,7.04e-05,-0.743556816,0.000482242,"16h","all_down","0",-0.743556816,0.743556816,-0.743556816,"16h_all_down"
"B4GALNT1",1,-0.16560293,0.217005113,0.319885182,0.008722358,-0.032546984,0.715364089,-0.646205151,4.24e-06,"16h","all_down","0",-0.646205151,0.646205151,-0.646205151,"16h_all_down"
"BAIAP2L2",2,-0.127480077,0.071588053,0.034165235,0.610610911,0.048167424,0.521005858,0.712359061,8.76e-07,"16h","all_up","0",0.712359061,0.712359061,0.712359061,"16h_all_up"
"BANP",5,-0.086932988,0.371151199,0.356174132,0.00601376,-0.017462056,0.88039821,0.642538954,2.04e-06,"16h","all_up","0",0.642538954,0.642538954,0.642538954,"16h_all_up"
"BARD1",4,0.178797629,0.109566476,0.066262801,0.487528119,-0.148268458,0.140151597,-0.713079238,2.02e-07,"16h","all_down","0",-0.713079238,0.713079238,-0.713079238,"16h_all_down"
"BCL11A",2,-0.204168462,0.216487377,0.351619787,0.01726375,-0.023631505,0.867453469,0.858053387,4.71e-07,"16h","all_up","HDF",0.858053387,0.858053387,0.858053387,"16h_all_up"
"BCL6",5,-0.081879824,0.483965853,0.335593181,0.012239634,0.165476828,0.239163293,0.840854188,2.8e-08,"16h","all_up","0",0.840854188,0.840854188,0.840854188,"16h_all_up"
"BCL6B",5,0.0337655,0.702974749,-0.024758157,0.777966029,0.299989906,0.005477197,0.649834494,5.95e-05,"16h","all_up","0",0.649834494,0.649834494,0.649834494,"16h_all_up"
"BDKRB2",5,-0.206854884,0.0600691,-0.02404089,0.552610108,-0.004251376,0.940532184,0.911985206,3.56e-11,"16h","all_up","0",0.911985206,0.911985206,0.911985206,"16h_all_up"
"BEST1",5,0.019504603,0.581132849,0.294483845,0.00130993,1.254190356,2.31e-06,1.917230321,4.79e-07,"12h,16h","all_up","0",1.585710339,1.917230321,1.917230321,"12h,16h_all_up"
"BIK",5,-0.064465073,0.198655324,-0.10499501,0.042751929,0.12194257,0.031617321,0.604579498,5.07e-08,"16h","all_up","0",0.604579498,0.604579498,0.604579498,"16h_all_up"
"BMP2K",4,0.096524286,0.257525789,0.016391995,0.83260739,-0.271378999,0.005683795,-0.588766,8.46e-07,"16h","all_down","HDF",-0.588766,0.588766,-0.588766,"16h_all_down"
"BMPER",5,-0.004395992,0.973478648,0.204044014,0.06146844,0.075680087,0.559649754,0.890635456,3.6e-06,"16h","all_up","0",0.890635456,0.890635456,0.890635456,"16h_all_up"
"BRCA1",4,0.005281912,0.944017101,0.097547324,0.338192207,-0.095474214,0.357355664,-0.625922696,2.26e-06,"16h","all_down","HDF",-0.625922696,0.625922696,-0.625922696,"16h_all_down"
"BREA2",2,-0.155091172,0.35925951,0.574799619,0.001268935,0.163789316,0.32889,0.925592169,4.52e-07,"16h","all_up","0",0.925592169,0.925592169,0.925592169,"16h_all_up"
"C10orf120",5,0.006898234,0.898845114,0.089589812,0.118108659,0.297687078,0.00222731,0.773930223,3.98e-08,"16h","all_up","0",0.773930223,0.773930223,0.773930223,"16h_all_up"
"C10orf35",4,-0.058332218,0.638075501,0.374131534,0.009027924,-0.397367778,0.005443492,-0.843260998,9.07e-08,"16h","all_down","0",-0.843260998,0.843260998,-0.843260998,"16h_all_down"
"C12orf28",5,-0.053776651,0.148951281,0.152777651,0.109243615,0.04609791,0.265102181,0.712320553,3.03e-10,"16h","all_up","0",0.712320553,0.712320553,0.712320553,"16h_all_up"
"C12orf47",4,0.118035974,0.264979421,0.239662372,0.115928318,-0.199267986,0.238116391,-0.669080396,2.22e-05,"16h","all_down","HDF",-0.669080396,0.669080396,-0.669080396,"16h_all_down"
"C16orf52",5,-0.009352051,0.912376224,0.161792057,0.09403032,0.02735319,0.773953699,0.62070145,1.62e-07,"16h","all_up","0",0.62070145,0.62070145,0.62070145,"16h_all_up"
"C17orf52",5,-0.015312866,0.684514257,0.1013917,0.077446987,0.108460888,0.03153353,0.720762701,2.8e-10,"16h","all_up","0",0.720762701,0.720762701,0.720762701,"16h_all_up"
"C1S",5,0.021836808,0.788685816,0.194240681,0.054211779,0.39666031,0.002055172,1.176149905,2.27e-09,"16h","all_up","0",1.176149905,1.176149905,1.176149905,"16h_all_up"
"C1orf190",4,-0.101593259,0.379549911,0.136732796,0.164186409,-0.102322542,0.361088307,-0.609796057,1.14e-06,"16h","all_down","0",-0.609796057,0.609796057,-0.609796057,"16h_all_down"
"C1orf216",4,0.164272541,0.087089021,0.027047189,0.747264908,0.01829506,0.823088396,-0.678106523,4.02e-05,"16h","all_down","0",-0.678106523,0.678106523,-0.678106523,"16h_all_down"
"C20orf132",5,0.016494546,0.870738305,0.361132105,0.001837145,0.010312348,0.914205713,0.807905176,1.18e-07,"16h","all_up","0",0.807905176,0.807905176,0.807905176,"16h_all_up"
"C22orf43",2,-0.182432167,0.255071153,-0.149397811,0.267128577,0.090909277,0.553447312,0.740901494,1.24e-07,"16h","all_up","0",0.740901494,0.740901494,0.740901494,"16h_all_up"
"C2orf48",5,0.073534814,0.557221909,0.454390221,0.000896135,0.440375955,0.004668267,0.746629431,1.14e-06,"16h","all_up","0",0.746629431,0.746629431,0.746629431,"16h_all_up"
"C3orf32",5,-0.072495765,0.393574311,0.143439167,0.078272211,-0.010680358,0.904116751,0.696837876,1.96e-07,"16h","all_up","0",0.696837876,0.696837876,0.696837876,"16h_all_up"
"C4orf46",4,0.064974434,0.467883587,-0.14210036,0.21227278,-0.404372954,0.000740152,-0.594240238,0.001367274,"16h","all_down","0",-0.594240238,0.594240238,-0.594240238,"16h_all_down"
"C4orf47",5,0.012127949,0.875213219,0.256322854,0.053243863,0.142739053,0.197020663,0.704955297,3.8e-07,"16h","all_up","0",0.704955297,0.704955297,0.704955297,"16h_all_up"
"C5AR1",5,0.047695313,0.228671774,-0.017885632,0.79064005,0.101510396,0.016830318,0.673118052,1.57e-09,"16h","all_up","0",0.673118052,0.673118052,0.673118052,"16h_all_up"
"C5orf27",2,-0.153513373,0.188233382,-0.354055003,0.009207833,-0.022315338,0.831444853,0.835739513,1.9e-07,"16h","all_up","0",0.835739513,0.835739513,0.835739513,"16h_all_up"
"C5orf41",5,0.040883144,0.614756718,0.109657287,0.270382784,-0.02061544,0.809416132,0.788954026,1.37e-06,"16h","all_up","0",0.788954026,0.788954026,0.788954026,"16h_all_up"
"C6orf136",4,-0.017628696,0.913601237,-0.317101177,0.005743972,-0.223363493,0.072861735,-0.793326288,2.21e-06,"16h","all_down","HDF",-0.793326288,0.793326288,-0.793326288,"16h_all_down"
"C7orf25",4,0.15987158,0.186909092,0.02661637,0.717223683,-0.146494755,0.106298958,-0.606952228,1.19e-05,"16h","all_down","0",-0.606952228,0.606952228,-0.606952228,"16h_all_down"
"C7orf53",5,0.0701294,0.599585623,0.426775185,0.00121967,0.216151519,0.144485859,1.38490803,9.3e-10,"16h","all_up","0",1.38490803,1.38490803,1.38490803,"16h_all_up"
"C8G",2,-0.050135731,0.507312246,0.173382853,0.011614313,0.12896246,0.052899595,0.687578549,4.15e-08,"16h","all_up","0",0.687578549,0.687578549,0.687578549,"16h_all_up"
"C8orf4",5,0.013570806,0.678504126,-0.015134525,0.615346627,0.032741013,0.265091554,0.940604802,1.8e-10,"16h","all_up","0",0.940604802,0.940604802,0.940604802,"16h_all_up"
"C9orf82",4,-0.009897629,0.918900817,0.017207217,0.871285369,-0.790010245,8.02e-06,-0.850909523,7.24e-06,"12h,16h","all_down","0",-0.820459884,0.850909523,-0.850909523,"12h,16h_all_down"
"CA2",4,0.072798254,0.49981288,-0.171890366,0.081255213,-0.16531016,0.071253118,-0.646830244,0.000591998,"16h","all_down","HDF",-0.646830244,0.646830244,-0.646830244,"16h_all_down"
"CACNB4",5,0.076950361,0.116903305,-0.129913603,0.083047859,0.109747159,0.154852434,0.653137213,2.36e-08,"16h","all_up","0",0.653137213,0.653137213,0.653137213,"16h_all_up"
"CANX",6,0.285051528,0.102532614,-0.110011174,0.53258589,0.371256261,0.035434753,0.934524564,1.94e-08,"16h","all_up","0",0.934524564,0.934524564,0.934524564,"16h_all_up"
"CARHSP1",4,-0.145740944,0.129629695,-0.1540666,0.097218089,-0.304158302,0.034006956,-0.85359633,7.97e-07,"16h","all_down","0",-0.85359633,0.85359633,-0.85359633,"16h_all_down"
"CASP2",4,-0.011696166,0.895429903,-0.082877546,0.351781524,-0.226799452,0.047335691,-0.812102326,3.16e-07,"16h","all_down","0",-0.812102326,0.812102326,-0.812102326,"16h_all_down"
"CASP3",5,0.032095608,0.685701134,0.168116672,0.110327882,-0.05816358,0.551545889,0.654272158,7.03e-08,"16h","all_up","HRF",0.654272158,0.654272158,0.654272158,"16h_all_up"
"CATSPER2",2,0.06872166,0.635799999,0.593669711,0.000634281,0.271647227,0.096358346,0.259874522,0.015351645,"8h","all_up","0",0.593669711,0.593669711,0.593669711,"8h_all_up"
"CBLN2",5,0.009774151,0.750667082,0.003653395,0.916252685,0.066910688,0.089628264,0.651390304,3.17e-08,"16h","all_up","0",0.651390304,0.651390304,0.651390304,"16h_all_up"
"CCNE1",4,0.007260716,0.952672789,0.287713282,0.001835132,-0.347602154,0.002534627,-1.041260014,6.92e-10,"16h","all_down","0",-1.041260014,1.041260014,-1.041260014,"16h_all_down"
"CCNE2",4,-0.009270816,0.915560739,-0.044134594,0.64283454,-0.391105322,0.002733729,-1.589671181,1.24e-10,"16h","all_down","HDF",-1.589671181,1.589671181,-1.589671181,"16h_all_down"
"CCR5",5,0.009636478,0.858103623,-0.034488826,0.480473248,0.304605455,0.000202663,1.07192341,6.5e-12,"16h","all_up","HDF",1.07192341,1.07192341,1.07192341,"16h_all_up"
"CD70",2,-0.085412424,0.513159468,0.370413402,0.014946594,0.179934512,0.203512557,0.664413053,7.37e-05,"16h","all_up","0",0.664413053,0.664413053,0.664413053,"16h_all_up"
"CD83",4,-0.051620562,0.6837196,0.32241708,0.030066931,-0.254077426,0.108026765,-1.012373321,1.41e-07,"16h","all_down","0",-1.012373321,1.012373321,-1.012373321,"16h_all_down"
"CDH15",5,-0.040339124,0.4447556,-0.039566687,0.44094774,0.281083042,0.002316206,1.126438125,5.76e-10,"16h","all_up","0",1.126438125,1.126438125,1.126438125,"16h_all_up"
"CDK10",2,-0.101014914,0.581017089,0.71055433,0.000157903,0.291767624,0.01450801,0.185667686,0.064342678,"8h","all_up","HDF",0.71055433,0.71055433,0.71055433,"8h_all_up"
"CDK2AP2",5,-0.079138248,0.347727165,0.16517329,0.039727664,0.36068342,0.000459831,1.180881872,5.84e-11,"16h","all_up","0",1.180881872,1.180881872,1.180881872,"16h_all_up"
"CDKN2D",5,-0.064132506,0.608334793,0.260163192,0.026894931,0.07974452,0.490631119,0.946211396,2.74e-07,"16h","all_up","0",0.946211396,0.946211396,0.946211396,"16h_all_up"
"CDT1",1,-0.21806924,0.072685389,0.173013534,0.049627996,-0.192191534,0.071285455,-0.649137714,1.96e-07,"16h","all_down","0",-0.649137714,0.649137714,-0.649137714,"16h_all_down"
"CEACAM22P",5,-0.043260371,0.349881755,0.008406115,0.806921058,0.072353859,0.039724322,1.281103263,1.42e-13,"16h","all_up","0",1.281103263,1.281103263,1.281103263,"16h_all_up"
"CEBPB",5,-0.012322328,0.898644534,-0.160965286,0.223632975,0.24270326,0.105531562,1.035371448,7.53e-09,"16h","all_up","HRF",1.035371448,1.035371448,1.035371448,"16h_all_up"
"CENPA",6,0.08847052,0.456319432,-0.365761674,0.013239259,0.115288642,0.459398073,0.766651908,5.8e-08,"16h","all_up","0",0.766651908,0.766651908,0.766651908,"16h_all_up"
"CENPK",4,0.026809172,0.732648359,0.12164977,0.274037049,-0.225712998,0.047705412,-0.929376088,4.57e-09,"16h","all_down","0",-0.929376088,0.929376088,-0.929376088,"16h_all_down"
"CHAC1",5,-0.086046613,0.526880589,-0.160151021,0.125865009,0.405722179,0.010555784,2.184273671,1.34e-09,"16h","all_up","0",2.184273671,2.184273671,2.184273671,"16h_all_up"
"CHAF1B",1,0.033079188,0.772627639,0.204410036,0.092711775,-0.21219996,0.02120766,-0.869152176,2.53e-07,"16h","all_down","0",-0.869152176,0.869152176,-0.869152176,"16h_all_down"
"CHML",1,-0.020601874,0.8613814,0.103633672,0.206237178,-0.130022262,0.201528374,-0.72018142,1.84e-07,"16h","all_down","HDF",-0.72018142,0.72018142,-0.72018142,"16h_all_down"
"CHRNA10",5,0.013296206,0.863639271,0.256296126,0.005257826,0.371575417,0.000116833,1.064394063,9.86e-11,"16h","all_up","0",1.064394063,1.064394063,1.064394063,"16h_all_up"
"CLEC18B",5,-0.004264554,0.93820881,0.238509801,0.002219854,0.1975317,0.009287411,0.837682475,4.35e-11,"16h","all_up","0",0.837682475,0.837682475,0.837682475,"16h_all_up"
"CLEC3B",5,-0.05007126,0.642908747,0.426074241,0.00143684,0.336564657,0.013084207,1.511498814,1.59e-12,"16h","all_up","0",1.511498814,1.511498814,1.511498814,"16h_all_up"
"CNP",1,-0.074985518,0.439452316,0.173345812,0.115814661,-0.197636554,0.021945972,-0.715212318,2.49e-07,"16h","all_down","HRF",-0.715212318,0.715212318,-0.715212318,"16h_all_down"
"CNTF",5,0.066718895,0.35517506,0.172417516,0.003585461,0.111722101,0.095007526,0.839540893,4.72e-09,"16h","all_up","0",0.839540893,0.839540893,0.839540893,"16h_all_up"
"COL23A1",5,0.112036908,0.12791813,0.35104871,0.000720873,0.360711834,0.000839991,1.796161632,4.36e-13,"16h","all_up","0",1.796161632,1.796161632,1.796161632,"16h_all_up"
"COL27A1",2,-0.130747803,0.485226901,0.517956045,0.003067795,0.353057282,0.02774299,0.585489088,5.61e-06,"16h","all_up","0",0.585489088,0.585489088,0.585489088,"16h_all_up"
"CPNE7",2,-0.046799692,0.658954904,0.345597892,0.003700603,0.290226738,0.020922827,0.59975539,1.13e-05,"16h","all_up","0",0.59975539,0.59975539,0.59975539,"16h_all_up"
"CPOX",4,-0.040317546,0.674188067,-0.07756218,0.532509561,-0.273180582,0.012840862,-0.638858318,4.18e-05,"16h","all_down","0",-0.638858318,0.638858318,-0.638858318,"16h_all_down"
"CRABP2",2,-0.106556942,0.304114884,0.070912302,0.338028699,0.436129216,0.000120918,0.643649131,6.49e-05,"16h","all_up","0",0.643649131,0.643649131,0.643649131,"16h_all_up"
"CREB3L1",3,-0.34955771,0.032802914,-0.670658736,5.71e-05,-0.220047662,0.098974684,0.002701799,0.984402512,"8h","all_down","0",-0.670658736,0.670658736,-0.670658736,"8h_all_down"
"CREB3L2",6,-0.057127156,0.547333848,-0.183417626,0.39958085,0.336228038,0.096037687,0.890151142,1.11e-07,"16h","all_up","0",0.890151142,0.890151142,0.890151142,"16h_all_up"
"CREB5",5,-0.008396842,0.906610005,-0.025179861,0.719008101,0.150056891,0.053300238,1.524386055,3.4e-12,"16h","all_up","0",1.524386055,1.524386055,1.524386055,"16h_all_up"
"CRELD1",2,-0.103838825,0.226258943,0.191018132,0.118796054,0.544514019,0.000164476,1.164875355,2.44e-09,"16h","all_up","0",1.164875355,1.164875355,1.164875355,"16h_all_up"
"CRELD2",2,0.02218312,0.810161862,0.104135242,0.237118131,0.380614754,0.0003141,0.584972396,1.24e-05,"16h","all_up","0",0.584972396,0.584972396,0.584972396,"16h_all_up"
"CREM",2,-0.083164387,0.527118385,0.220008536,0.066947122,0.085248567,0.498967412,0.662778126,1.57e-05,"16h","all_up","0",0.662778126,0.662778126,0.662778126,"16h_all_up"
"CSAG1",5,-0.041489606,0.564140724,0.10648238,0.312685247,0.130921027,0.182079661,1.032816579,1.33e-10,"16h","all_up","0",1.032816579,1.032816579,1.032816579,"16h_all_up"
"CSTF3",5,-0.025383486,0.809071726,0.095470346,0.323201871,0.042149418,0.668334946,0.777096216,1.99e-06,"16h","all_up","0",0.777096216,0.777096216,0.777096216,"16h_all_up"
"CT45A1",5,-0.05386394,0.096807562,0.040137874,0.320637586,0.277288482,3e-06,0.613845618,7.22e-08,"16h","all_up","0",0.613845618,0.613845618,0.613845618,"16h_all_up"
"CTH",5,0.033637138,0.704465112,0.094572362,0.288729528,-0.062360054,0.503699215,1.15904342,2.71e-09,"16h","all_up","0",1.15904342,1.15904342,1.15904342,"16h_all_up"
"CTSK",5,-0.056651261,0.72063464,0.540380217,0.000681619,0.294336817,0.058795519,1.464496181,7.95e-11,"16h","all_up","0",1.464496181,1.464496181,1.464496181,"16h_all_up"
"CX3CR1",5,-0.097549177,0.21106105,0.159656595,0.002404028,0.121219131,0.005317768,0.809562829,1.54e-08,"16h","all_up","0",0.809562829,0.809562829,0.809562829,"16h_all_up"
"CXorf51A",5,-0.024182651,0.38886553,-0.007894195,0.835330441,0.027054821,0.420610572,0.595344129,3.13e-09,"16h","all_up","0",0.595344129,0.595344129,0.595344129,"16h_all_up"
"CYP17A1",3,-0.210635659,0.243862429,-0.749512839,0.000436483,-0.186186054,0.205513612,-0.238313206,0.070891014,"8h","all_down","HDF",-0.749512839,0.749512839,-0.749512839,"8h_all_down"
"CYP27A1",5,-0.164534872,0.111638703,0.314187852,0.00396123,0.121593118,0.275701918,0.914170699,2.38e-08,"16h","all_up","0",0.914170699,0.914170699,0.914170699,"16h_all_up"
"DCLRE1B",4,-0.04983906,0.58683693,-0.08304657,0.451186735,-0.103256813,0.219248406,-0.71532137,4.89e-05,"16h","all_down","HDF",-0.71532137,0.71532137,-0.71532137,"16h_all_down"
"DDIT3",5,-0.021467627,0.686289458,0.209311301,0.041085011,0.500952178,0.00106129,1.256052128,1.62e-10,"16h","all_up","HDF",1.256052128,1.256052128,1.256052128,"16h_all_up"
"DEFA7P",5,-0.040517197,0.365796961,0.158056028,0.052600038,0.468409292,0.000447567,0.821373205,1.1e-09,"16h","all_up","0",0.821373205,0.821373205,0.821373205,"16h_all_up"
"DEFB108B",5,-0.090290376,0.213687029,-0.242234122,0.003274616,0.047406221,0.55515325,0.794501545,1.23e-07,"16h","all_up","0",0.794501545,0.794501545,0.794501545,"16h_all_up"
"DEPDC1",6,0.075377288,0.483719224,-0.107788488,0.228421379,0.169095022,0.075326134,0.65985657,2.33e-06,"16h","all_up","0",0.65985657,0.65985657,0.65985657,"16h_all_up"
"DHRS2",5,0.102520583,0.362566358,0.915057786,8.16e-06,1.989756802,2.62e-08,4.346138649,4.93e-14,"8h,12h,16h","all_up","HDF",2.416984412,4.346138649,4.346138649,"8h,12h,16h_all_up"
"DIS3L2",5,0.004734118,0.974616738,0.375987577,0.00781813,0.30302291,0.033355469,0.8130236,2.2e-06,"16h","all_up","0",0.8130236,0.8130236,0.8130236,"16h_all_up"
"DKFZp451A211",5,-0.023123968,0.607395747,0.113984742,0.108248235,0.131225203,0.050056145,0.781514574,9.66e-09,"16h","all_up","0",0.781514574,0.781514574,0.781514574,"16h_all_up"
"DLEC1",5,0.001586751,0.958473755,0.100094375,0.029219492,0.056244235,0.159213455,0.777066419,6.26e-09,"16h","all_up","0",0.777066419,0.777066419,0.777066419,"16h_all_up"
"DMRTC1",5,0.028587332,0.38320506,0.03133767,0.476472974,0.084196682,0.06376928,0.580002013,8.2e-10,"16h","all_up","0",0.580002013,0.580002013,0.580002013,"16h_all_up"
"DNAJB11",5,0.138272484,0.165699624,0.239602554,0.029868728,0.359933288,0.015513722,1.08183748,2.14e-07,"16h","all_up","HDF",1.08183748,1.08183748,1.08183748,"16h_all_up"
"DNAJB4",5,0.012347698,0.899729162,0.019019152,0.809393522,0.091831429,0.337024642,0.847102745,1.83e-08,"16h","all_up","0",0.847102745,0.847102745,0.847102745,"16h_all_up"
"DNAJB9",5,0.099912464,0.286660017,0.125773869,0.160528278,0.596982571,1.19e-05,0.98113248,2.33e-08,"12h,16h","all_up","0",0.789057526,0.98113248,0.98113248,"12h,16h_all_up"
"DNAJC3",5,0.091288935,0.278090605,0.112968796,0.179827468,0.243818855,0.003799323,1.320909544,1.45e-09,"16h","all_up","0",1.320909544,1.320909544,1.320909544,"16h_all_up"
"DNALI1",5,-0.021763767,0.491698471,0.03261714,0.373291137,0.027435334,0.513209571,0.759595223,3.25e-09,"16h","all_up","0",0.759595223,0.759595223,0.759595223,"16h_all_up"
"DSCC1",4,0.086260688,0.335343315,0.062548634,0.464260798,-0.160224808,0.139485409,-0.953809,1.85e-07,"16h","all_down","0",-0.953809,0.953809,-0.953809,"16h_all_down"
"DSCR10",3,-0.268441545,0.056899658,-0.619803032,0.000357205,-0.153510558,0.22711928,0.005731948,0.960774895,"8h","all_down","0",-0.619803032,0.619803032,-0.619803032,"8h_all_down"
"DTL",4,0.107070684,0.239020762,-0.203206394,0.054587063,-0.376755992,0.003328611,-1.480901233,6.87e-12,"16h","all_down","0",-1.480901233,1.480901233,-1.480901233,"16h_all_down"
"DUSP1",5,-0.091986552,0.263231388,-0.253658492,0.054683932,0.325606096,0.021370304,1.328176064,1.7e-09,"16h","all_up","0",1.328176064,1.328176064,1.328176064,"16h_all_up"
"DUSP16",5,-0.007704594,0.892140066,-0.078406573,0.401831304,0.117638886,0.224693092,1.095111608,1.17e-09,"16h","all_up","HDF",1.095111608,1.095111608,1.095111608,"16h_all_up"
"DUXA",5,0.025895998,0.582154215,-0.065742112,0.241916696,0.177984283,0.00033002,0.840009667,1.41e-09,"16h","all_up","0",0.840009667,0.840009667,0.840009667,"16h_all_up"
"E2F1",4,-0.145900378,0.194677506,0.180389224,0.080927227,-0.213931814,0.02190741,-0.643475276,1.7e-05,"16h","all_down","HRF",-0.643475276,0.643475276,-0.643475276,"16h_all_down"
"E2F2",1,-0.186564084,0.185447473,0.253257744,0.063258916,-0.29150372,0.015172015,-0.952411996,8.49e-06,"16h","all_down","0",-0.952411996,0.952411996,-0.952411996,"16h_all_down"
"E2F7",4,0.09630946,0.484229615,-0.225459783,0.127651003,-0.214414653,0.173797934,-1.210301552,3.46e-08,"16h","all_down","HDF",-1.210301552,1.210301552,-1.210301552,"16h_all_down"
"EEFSEC",4,-0.183221398,0.272622066,-0.540423717,0.002192196,-0.578358327,0.003361685,-0.780529064,3.03e-08,"16h","all_down","0",-0.780529064,0.780529064,-0.780529064,"16h_all_down"
"EGR2",2,-0.010132126,0.898298302,0.074792901,0.425288967,0.257814878,0.0197546,0.892610941,2.83e-07,"16h","all_up","0",0.892610941,0.892610941,0.892610941,"16h_all_up"
"ELOVL7",4,0.020011199,0.847392178,0.224918701,0.149451594,-0.276442053,0.078848217,-0.609921407,1.4e-06,"16h","all_down","0",-0.609921407,0.609921407,-0.609921407,"16h_all_down"
"ENDOD1",4,0.136572285,0.122200795,-0.020902563,0.807048651,-0.051457968,0.536163243,-0.682015551,7.13e-06,"16h","all_down","0",-0.682015551,0.682015551,-0.682015551,"16h_all_down"
"ENO3",2,-0.020398723,0.885252001,0.589848598,0.000159964,0.227428421,0.080035589,0.435148739,4.45e-05,"8h","all_up","0",0.589848598,0.589848598,0.589848598,"8h_all_up"
"EPB41L4B",4,0.102953048,0.328677445,-0.23539015,0.160928635,-0.142449757,0.424961417,-0.930394083,6.29e-06,"16h","all_down","0",-0.930394083,0.930394083,-0.930394083,"16h_all_down"
"ERBB4",2,0.109740206,0.300789735,0.265990397,0.018599308,0.107500162,0.316735913,0.739283208,3.15e-06,"16h","all_up","0",0.739283208,0.739283208,0.739283208,"16h_all_up"
"ERO1LB",6,0.115130086,0.219875883,-0.17360246,0.354735983,0.442566603,0.019386777,0.864384655,3.64e-08,"16h","all_up","0",0.864384655,0.864384655,0.864384655,"16h_all_up"
"EXO1",4,0.07876115,0.322036926,0.00636332,0.929387753,-0.148282028,0.066831014,-0.918059774,6.03e-07,"16h","all_down","0",-0.918059774,0.918059774,-0.918059774,"16h_all_down"
"EXPH5",2,-0.075248815,0.491650519,0.02710032,0.844897617,0.212984934,0.13457941,0.601827044,3.65e-06,"16h","all_up","0",0.601827044,0.601827044,0.601827044,"16h_all_up"
"EYA1",6,-0.086463619,0.416505815,-0.355440274,0.022601968,0.05208466,0.746140282,0.71177394,8.9e-07,"16h","all_up","0",0.71177394,0.71177394,0.71177394,"16h_all_up"
"F2R",4,0.051458685,0.571366294,-0.22293321,0.048014692,-0.119885788,0.287492068,-0.844885325,1.16e-06,"16h","all_down","HRF",-0.844885325,0.844885325,-0.844885325,"16h_all_down"
"FAM100B",2,-0.113387828,0.319619501,0.212474452,0.11473688,0.07882944,0.399584488,0.674384868,1.4e-06,"16h","all_up","HDF",0.674384868,0.674384868,0.674384868,"16h_all_up"
"FAM127C",4,0.004332946,0.962451435,0.046434772,0.666484794,-0.241458514,0.020350685,-0.701111011,2.25e-05,"16h","all_down","0",-0.701111011,0.701111011,-0.701111011,"16h_all_down"
"FAM160A2",5,-0.122965723,0.306743471,-0.114050464,0.378921925,0.263609812,0.086976292,0.778581973,4.78e-06,"16h","all_up","0",0.778581973,0.778581973,0.778581973,"16h_all_up"
"FAM183B",5,0.032352721,0.632078378,0.308762442,0.00162081,0.205599705,0.0092027,0.769731309,9.55e-10,"16h","all_up","0",0.769731309,0.769731309,0.769731309,"16h_all_up"
"FAM198A",4,-0.147315837,0.131834485,0.178953874,0.078271476,-0.10806121,0.184340344,-0.996509742,6.22e-09,"16h","all_down","0",-0.996509742,0.996509742,-0.996509742,"16h_all_down"
"FAM43B",1,-0.248505272,0.0838011,0.209878145,0.073361635,-0.101511571,0.325797931,-0.626220267,4.46e-05,"16h","all_down","0",-0.626220267,0.626220267,-0.626220267,"16h_all_down"
"FAM46A",2,-0.05454726,0.573786973,0.07462795,0.537007765,0.048904864,0.626254844,0.834549778,9.47e-06,"16h","all_up","0",0.834549778,0.834549778,0.834549778,"16h_all_up"
"FAM71F1",5,0.036908512,0.369206279,0.219562317,0.001484964,0.269006712,0.00041542,2.609115757,5.04e-16,"16h","all_up","0",2.609115757,2.609115757,2.609115757,"16h_all_up"
"FAM7A1",2,0.059109027,0.504733734,0.088268807,0.346576521,-0.038556985,0.697261593,-0.626067462,9.08e-07,"16h","all_down","0",-0.626067462,0.626067462,-0.626067462,"16h_all_down"
"FAM90A1",5,-0.040714592,0.406456525,-0.034472239,0.477541581,0.072625837,0.269381701,0.655391758,1.27e-08,"16h","all_up","0",0.655391758,0.655391758,0.655391758,"16h_all_up"
"FAM90A7",5,-0.01601514,0.725276834,0.023773841,0.597790434,0.127330109,0.039578777,0.722111181,6.7e-10,"16h","all_up","0",0.722111181,0.722111181,0.722111181,"16h_all_up"
"FANCA",1,-0.12793721,0.307899988,0.237460512,0.0226377,-0.04727275,0.586685362,-0.700472944,6.75e-08,"16h","all_down","0",-0.700472944,0.700472944,-0.700472944,"16h_all_down"
"FBXL19-AS1",5,0.04282899,0.76084532,0.460904996,0.006245618,0.079238443,0.510878934,0.899452625,6.97e-06,"16h","all_up","0",0.899452625,0.899452625,0.899452625,"16h_all_up"
"FBXW10",5,0.103141893,0.238639782,0.261883624,0.001002826,0.217530185,0.00080154,1.086512602,1.22e-10,"16h","all_up","HDF",1.086512602,1.086512602,1.086512602,"16h_all_up"
"FEM1B",5,0.006420161,0.944704179,0.122064998,0.235550689,0.008255057,0.92786496,0.669849583,7.53e-05,"16h","all_up","0",0.669849583,0.669849583,0.669849583,"16h_all_up"
"FHDC1",5,0.075110873,0.346353458,-0.05817041,0.208482286,0.08082435,0.267109451,0.630709908,6.08e-09,"16h","all_up","0",0.630709908,0.630709908,0.630709908,"16h_all_up"
"FKBP2",2,-0.043970274,0.696100533,0.462070594,0.001009817,0.218744274,0.055953597,0.660038504,1.79e-05,"16h","all_up","0",0.660038504,0.660038504,0.660038504,"16h_all_up"
"FLJ23867",3,-0.167992456,0.301401065,-0.587634586,0.000132108,-0.084721092,0.584192288,-0.202799968,0.031721471,"8h","all_down","0",-0.587634586,0.587634586,-0.587634586,"8h_all_down"
"FLJ39051",4,0.067261064,0.673607788,0.517921055,0.001614244,-0.222973734,0.145320987,-0.803773594,1.32e-06,"16h","all_down","0",-0.803773594,0.803773594,-0.803773594,"16h_all_down"
"FLJ43315",6,0.207861067,0.096789961,-0.055594469,0.489165311,0.080623182,0.457522234,0.675299138,6.62e-07,"16h","all_up","0",0.675299138,0.675299138,0.675299138,"16h_all_up"
"FLJ44342",5,-0.049538432,0.72479236,0.518814634,0.000389424,0.260082984,0.029638916,1.098596426,2.95e-08,"16h","all_up","0",1.098596426,1.098596426,1.098596426,"16h_all_up"
"FLJ45872",5,0.022957984,0.507304973,0.046009539,0.426200224,1.162163047,1.02e-06,1.866427324,2.96e-06,"12h,16h","all_up","0",1.514295186,1.866427324,1.866427324,"12h,16h_all_up"
"FN3KRP",4,-0.010143884,0.923476572,-0.14480273,0.172920094,-0.034484798,0.69529365,-0.804099694,2.26e-07,"16h","all_down","0",-0.804099694,0.804099694,-0.804099694,"16h_all_down"
"FOS",5,-0.090192704,0.259748741,-0.286602059,0.005048152,0.398408077,0.016531236,0.824508758,8.27e-07,"16h","all_up","HRF",0.824508758,0.824508758,0.824508758,"16h_all_up"
"FRMD3",5,0.023842684,0.830979795,0.184704923,0.064951785,0.151217673,0.10273022,1.234116696,1.19e-08,"16h","all_up","0",1.234116696,1.234116696,1.234116696,"16h_all_up"
"FRZB",2,0.00290074,0.942285909,0.029567112,0.630793887,0.059581785,0.336408479,0.601585776,1.26e-07,"16h","all_up","0",0.601585776,0.601585776,0.601585776,"16h_all_up"
"FUT1",5,-0.045423034,0.416023074,0.030125742,0.626789212,0.035005701,0.486993631,0.755487525,5.63e-07,"16h","all_up","HRF",0.755487525,0.755487525,0.755487525,"16h_all_up"
"GAS1",4,0.084590952,0.480505408,-0.32839207,0.027642051,-0.093175748,0.423087186,-0.63465578,0.000224762,"16h","all_down","0",-0.63465578,0.63465578,-0.63465578,"16h_all_down"
"GAS2L3",2,-0.023249265,0.878888731,0.136900998,0.259671954,0.037775548,0.718475901,0.748769225,0.00036444,"16h","all_up","0",0.748769225,0.748769225,0.748769225,"16h_all_up"
"GCNT1",4,-0.054013739,0.543321993,0.259218851,0.057268664,-0.166252033,0.314718539,-0.601716414,1.67e-07,"16h","all_down","0",-0.601716414,0.601716414,-0.601716414,"16h_all_down"
"GINS2",4,-0.045324714,0.520394897,-0.11261845,0.135586867,-0.128895748,0.079181074,-0.693414062,9.06e-07,"16h","all_down","HDF",-0.693414062,0.693414062,-0.693414062,"16h_all_down"
"GJB2",1,-0.080029591,0.386837668,0.08393443,0.314930383,-0.128426446,0.186013257,-0.613980196,3.38e-07,"16h","all_down","0",-0.613980196,0.613980196,-0.613980196,"16h_all_down"
"GNRH1",5,0.099513443,0.227767166,0.260156112,0.008421919,0.241318679,0.020577133,0.632099631,1.89e-06,"16h","all_up","0",0.632099631,0.632099631,0.632099631,"16h_all_up"
"GPR137B",4,0.112652835,0.184515304,-0.040133725,0.600505253,-0.267352981,0.005357964,-0.675091872,9.28e-08,"16h","all_down","0",-0.675091872,0.675091872,-0.675091872,"16h_all_down"
"GPRASP2",4,0.001434628,0.990806346,-0.00811569,0.950062164,-0.171290594,0.132772231,-0.815216498,2.91e-06,"16h","all_down","HDF",-0.815216498,0.815216498,-0.815216498,"16h_all_down"
"GRASP",2,-0.081448883,0.642595158,0.636180555,0.000437233,0.285713779,0.086787939,0.841731946,4.27e-06,"8h,16h","all_up","0",0.738956251,0.841731946,0.841731946,"8h,16h_all_up"
"GUCA1B",5,-0.026986026,0.640734772,0.043682432,0.532447797,0.233274702,0.015083685,0.818260721,1.59e-09,"16h","all_up","0",0.818260721,0.818260721,0.818260721,"16h_all_up"
"H19",5,-0.030994656,0.404127911,0.082521156,0.005140946,0.382040019,5.6e-05,0.686265279,1.76e-09,"16h","all_up","0",0.686265279,0.686265279,0.686265279,"16h_all_up"
"HARS2",4,0.13305306,0.210511434,0.136178025,0.212769474,-0.031282027,0.744150401,-0.812828875,9.75e-05,"16h","all_down","0",-0.812828875,0.812828875,-0.812828875,"16h_all_down"
"HCLS1",5,-0.098700021,0.138061399,-0.0330672,0.592733003,0.062548025,0.337386352,0.906415129,1.77e-09,"16h","all_up","0",0.906415129,0.906415129,0.906415129,"16h_all_up"
"HCN3",1,-0.151660273,0.13704233,0.030508231,0.719965789,0.144018607,0.13147582,-0.684208277,2.16e-07,"16h","all_down","0",-0.684208277,0.684208277,-0.684208277,"16h_all_down"
"HDAC6",2,-0.031317809,0.826480867,-0.126554857,0.216980389,0.579567555,0.000375157,0.647026025,6.91e-06,"16h","all_up","HDF",0.647026025,0.647026025,0.647026025,"16h_all_up"
"HERPUD1",5,0.101258242,0.215130718,0.186338222,0.074208828,1.444231944,1.58e-10,2.546944326,2.18e-12,"12h,16h","all_up","0",1.995588135,2.546944326,2.546944326,"12h,16h_all_up"
"HES7",2,-0.115270216,0.136770668,0.235984631,0.058996769,0.55648707,0.000135642,1.775720841,3.11e-11,"16h","all_up","0",1.775720841,1.775720841,1.775720841,"16h_all_up"
"HGD",5,-0.01098118,0.752753138,0.040120099,0.348062897,0.05867918,0.302012908,0.705023334,2.21e-09,"16h","all_up","0",0.705023334,0.705023334,0.705023334,"16h_all_up"
"HHIP",5,0.045471401,0.399884835,0.120516505,0.197345758,0.108362307,0.171151158,0.60699018,1.61e-08,"16h","all_up","0",0.60699018,0.60699018,0.60699018,"16h_all_up"
"HIST1H1C",2,-0.158946716,0.233816994,0.246884838,0.07036095,0.183947552,0.07799436,1.389661824,1.65e-07,"16h","all_up","HRF",1.389661824,1.389661824,1.389661824,"16h_all_up"
"HIST1H1D",6,0.00482717,0.975608345,-0.212605391,0.075078808,0.019762891,0.866787361,0.654605526,0.007084607,"16h","all_up","0",0.654605526,0.654605526,0.654605526,"16h_all_up"
"HIST1H2AC",5,0.094238306,0.189886948,0.115524998,0.165952444,-0.099976997,0.144149796,1.299155789,2.1e-11,"16h","all_up","0",1.299155789,1.299155789,1.299155789,"16h_all_up"
"HLTF",4,0.110257526,0.158792737,-0.19667515,0.016514081,-0.354128088,0.000508067,-0.605371118,1.31e-06,"16h","all_down","0",-0.605371118,0.605371118,-0.605371118,"16h_all_down"
"HMMR",5,0.005837412,0.939799416,0.091897022,0.278804495,-0.019549244,0.803753757,0.727881318,1.09e-06,"16h","all_up","0",0.727881318,0.727881318,0.727881318,"16h_all_up"
"HOXB1",5,-0.031109636,0.267188538,0.040099559,0.216276954,0.118710676,0.002439832,0.798391962,7.74e-10,"16h","all_up","0",0.798391962,0.798391962,0.798391962,"16h_all_up"
"HOXB2",2,-0.014707768,0.920459543,-0.000999088,0.995646893,0.120882198,0.415273663,0.829629466,1.33e-05,"16h","all_up","0",0.829629466,0.829629466,0.829629466,"16h_all_up"
"HOXD3",2,-0.091486788,0.402436115,0.271850952,0.022539405,0.213873394,0.026979165,1.051842952,2.2e-07,"16h","all_up","0",1.051842952,1.051842952,1.051842952,"16h_all_up"
"HRK",5,-0.17733422,0.216103496,0.326174976,0.023722435,0.042316078,0.72697088,1.212483562,2.42e-08,"16h","all_up","HDF",1.212483562,1.212483562,1.212483562,"16h_all_up"
"HSDL1",4,0.155755872,0.236818236,-0.059031508,0.564999525,-0.052842519,0.530767423,-0.630451405,1.57e-06,"16h","all_down","0",-0.630451405,0.630451405,-0.630451405,"16h_all_down"
"HSP90B1",5,0.002532014,0.965764266,-0.02346431,0.688978816,0.377467238,0.00067536,0.943726828,1.15e-09,"16h","all_up","0",0.943726828,0.943726828,0.943726828,"16h_all_up"
"HSP90B3P",5,0.173140398,0.071043367,0.005516908,0.952774599,0.580685988,6.46e-05,1.242783252,1.33e-07,"12h,16h","all_up","0",0.91173462,1.242783252,1.242783252,"12h,16h_all_up"
"HSPA1L",3,-0.1299191,0.626044049,-0.662602224,0.007941473,-0.100362638,0.544569518,-0.087086918,0.535928063,"8h","all_down","0",-0.662602224,0.662602224,-0.662602224,"8h_all_down"
"HSPA5",5,-0.093554352,0.612957852,0.616349999,0.004881331,0.976890865,0.000128266,1.954034998,9.94e-12,"8h,12h,16h","all_up","HDF",1.182425287,1.954034998,1.954034998,"8h,12h,16h_all_up"
"HSPB3",5,-0.022739115,0.484066804,0.033159667,0.444637175,0.053829523,0.185427559,0.795467119,2.99e-09,"16h","all_up","0",0.795467119,0.795467119,0.795467119,"16h_all_up"
"HYLS1",5,0.11079809,0.240693764,-0.00806229,0.91168409,0.154049564,0.070530936,0.762905526,9.16e-07,"16h","all_up","0",0.762905526,0.762905526,0.762905526,"16h_all_up"
"ID1",6,-0.005168724,0.948856858,0.106136318,0.203057192,0.306410248,0.003174657,0.725510928,9.33e-08,"16h","all_up","0",0.725510928,0.725510928,0.725510928,"16h_all_up"
"IDH1",4,0.063435268,0.551110181,-0.215136474,0.043273446,-0.116905264,0.206875229,-0.760147528,1.09e-06,"16h","all_down","HDF",-0.760147528,0.760147528,-0.760147528,"16h_all_down"
"IDI2-AS1",5,0.006371595,0.949465821,0.43782541,0.002672553,0.389640569,0.007330014,1.846163882,1.43e-11,"16h","all_up","0",1.846163882,1.846163882,1.846163882,"16h_all_up"
"IER5",2,0.015178308,0.880870484,0.128549402,0.381984824,0.113501138,0.361634424,0.65794757,5.59e-05,"16h","all_up","0",0.65794757,0.65794757,0.65794757,"16h_all_up"
"IFI27",5,-0.065848993,0.656615628,0.480372705,0.002112994,0.198504232,0.246555472,0.93401042,8.13e-09,"16h","all_up","0",0.93401042,0.93401042,0.93401042,"16h_all_up"
"IFIT1",2,-0.023278957,0.798806627,0.178980328,0.109886509,-0.131934953,0.2037807,-0.645526215,1.68e-06,"16h","all_down","HRF",-0.645526215,0.645526215,-0.645526215,"16h_all_down"
"IFRD1",5,0.15024345,0.179051669,-0.033561956,0.710496506,0.221939058,0.024936658,0.79298849,3.03e-08,"16h","all_up","0",0.79298849,0.79298849,0.79298849,"16h_all_up"
"IGFBP5",3,-0.174062302,0.0928058,-0.031750574,0.691811831,-0.078648376,0.378065518,-0.646076847,8.03e-07,"16h","all_down","0",-0.646076847,0.646076847,-0.646076847,"16h_all_down"
"IGFLR1",1,-0.19905739,0.083434693,0.117990007,0.216205352,-0.144165088,0.102483922,-0.603623781,7.1e-06,"16h","all_down","0",-0.603623781,0.603623781,-0.603623781,"16h_all_down"
"IL13",5,0.067215843,0.164557934,-0.009206217,0.867747219,0.098025013,0.055715665,0.666749497,1.07e-10,"16h","all_up","0",0.666749497,0.666749497,0.666749497,"16h_all_up"
"INHBC",3,-0.287385577,0.011035907,-0.41280947,0.000629389,-0.580966053,0.000343261,-0.401427372,0.019342447,"12h","all_down","0",-0.580966053,0.580966053,-0.580966053,"12h_all_down"
"IQCC",4,-0.02947033,0.712034942,0.060497998,0.553497064,-0.027976963,0.748682918,-0.609695861,7.56e-05,"16h","all_down","0",-0.609695861,0.609695861,-0.609695861,"16h_all_down"
"ISG15",2,-0.14762728,0.185493838,0.277477542,0.010726282,0.362539274,0.000890444,1.113563558,4.86e-10,"16h","all_up","HRF",1.113563558,1.113563558,1.113563558,"16h_all_up"
"ISG20",5,-0.066062335,0.650783431,0.430596362,0.003171965,0.069156453,0.564993741,0.858783208,3.35e-06,"16h","all_up","0",0.858783208,0.858783208,0.858783208,"16h_all_up"
"ITGA10",5,-0.091258748,0.492580812,0.49975552,0.000401905,0.159602477,0.140082166,0.824163151,5.58e-08,"16h","all_up","0",0.824163151,0.824163151,0.824163151,"16h_all_up"
"ITIH4",2,-0.061696779,0.629556361,0.44390915,0.000531026,0.223976213,0.024419184,0.766148616,4.57e-07,"16h","all_up","0",0.766148616,0.766148616,0.766148616,"16h_all_up"
"JUND",6,-0.055861851,0.658841334,-0.256547058,0.090970103,0.213968199,0.270881913,0.932083301,6.42e-08,"16h","all_up","0",0.932083301,0.932083301,0.932083301,"16h_all_up"
"KCNJ12",1,-0.17329497,0.245559734,0.284017068,0.010158141,-0.14600009,0.236692493,-0.645819502,5.42e-05,"16h","all_down","HDF",-0.645819502,0.645819502,-0.645819502,"16h_all_down"
"KCNJ14",5,0.039782339,0.66653977,0.23619507,0.013663344,0.432331446,0.001239599,1.386536715,5.53e-11,"16h","all_up","0",1.386536715,1.386536715,1.386536715,"16h_all_up"
"KCTD12",4,0.039796242,0.641442757,-0.148478562,0.213205724,-0.190182534,0.151019536,-0.849398066,1.93e-05,"16h","all_down","0",-0.849398066,0.849398066,-0.849398066,"16h_all_down"
"KIAA0101",4,0.056975308,0.50708773,-0.138571676,0.103958048,-0.20960898,0.030272561,-0.653778274,6.96e-06,"16h","all_down","0",-0.653778274,0.653778274,-0.653778274,"16h_all_down"
"KIAA1683",5,-0.009219548,0.903060504,-0.109793338,0.106120204,-0.004995361,0.938091675,1.118432003,6.16e-11,"16h","all_up","0",1.118432003,1.118432003,1.118432003,"16h_all_up"
"KIF25",2,-0.106606466,0.350017447,0.214515986,0.028361452,0.181582501,0.099354965,0.753101707,7.34e-06,"16h","all_up","HDF",0.753101707,0.753101707,0.753101707,"16h_all_up"
"KISS1R",2,0.0208274,0.6686293,-0.054808144,0.43837296,0.011553466,0.820122913,0.651173126,1.16e-07,"16h","all_up","0",0.651173126,0.651173126,0.651173126,"16h_all_up"
"KIT",4,0.025426223,0.793034142,-0.09038765,0.269483479,-0.16235567,0.083187754,-0.836594777,2.72e-05,"16h","all_down","HDF",-0.836594777,0.836594777,-0.836594777,"16h_all_down"
"KLF6",5,-0.086840128,0.459934,0.161450142,0.065855145,0.136505872,0.199225618,0.747865946,5.27e-07,"16h","all_up","0",0.747865946,0.747865946,0.747865946,"16h_all_up"
"KLHL9",4,-0.036241952,0.671254622,0.07933582,0.491269514,-0.333934552,0.003195506,-0.678493672,1.99e-05,"16h","all_down","HRF",-0.678493672,0.678493672,-0.678493672,"16h_all_down"
"KPNA4",6,0.002971034,0.977441262,-0.191777958,0.335476367,0.10667958,0.49604535,0.865639664,0.000514115,"16h","all_up","0",0.865639664,0.865639664,0.865639664,"16h_all_up"
"KRTAP10-8",2,-0.246144343,0.041314864,-0.353396919,0.001412512,-0.102100512,0.35429125,0.64556745,1.35e-06,"16h","all_up","0",0.64556745,0.64556745,0.64556745,"16h_all_up"
"L3MBTL3",4,0.083839534,0.223782936,-0.022474866,0.753532631,0.038986818,0.658079268,-0.713243989,6.15e-08,"16h","all_down","0",-0.713243989,0.713243989,-0.713243989,"16h_all_down"
"LAMB2P1",5,-0.145245821,0.306623272,0.190358668,0.10213787,0.127265529,0.199584784,1.380782716,4.09e-10,"16h","all_up","0",1.380782716,1.380782716,1.380782716,"16h_all_up"
"LEFTY1",5,-0.07402071,0.095407056,-0.022038693,0.57674557,0.128395946,0.018085575,0.713338066,1.16e-09,"16h","all_up","HDF",0.713338066,0.713338066,0.713338066,"16h_all_up"
"LEPREL4",4,-0.153838142,0.168556661,0.339019832,0.032173807,-0.129512918,0.293384006,-0.602407164,2.56e-06,"16h","all_down","0",-0.602407164,0.602407164,-0.602407164,"16h_all_down"
"LGALS9C",5,-0.079012588,0.474149049,0.244562933,0.012094071,0.210429259,0.101269747,0.91394084,1.81e-09,"16h","all_up","0",0.91394084,0.91394084,0.91394084,"16h_all_up"
"LINC00087",1,-0.180712982,0.169173255,0.05739213,0.62348255,-0.180879814,0.082099093,-0.813121598,1.3e-06,"16h","all_down","0",-0.813121598,0.813121598,-0.813121598,"16h_all_down"
"LOC100128670",5,0.07617705,0.051133456,0.103088299,0.052255964,0.043993658,0.344757515,0.602883495,1.51e-08,"16h","all_up","0",0.602883495,0.602883495,0.602883495,"16h_all_up"
"LOC100129387",5,0.123713732,0.294331892,0.355881851,0.000498873,0.241011574,0.036034301,0.87402976,1.48e-06,"16h","all_up","0",0.87402976,0.87402976,0.87402976,"16h_all_up"
"LOC100129974",4,-0.179909425,0.156413631,-0.604157463,9.03e-05,-0.546323087,0.000503868,-0.880471946,1.37e-06,"8h,16h","all_down","0",-0.742314705,0.880471946,-0.880471946,"8h,16h_all_down"
"LOC100130232",5,0.035646539,0.395009862,0.255802956,0.002222605,0.188976817,0.004180342,1.524478121,5.98e-14,"16h","all_up","0",1.524478121,1.524478121,1.524478121,"16h_all_up"
"LOC100130691",5,-0.029763281,0.707928905,0.304762334,0.00464436,0.191599887,0.055612134,0.936812853,2.49e-08,"16h","all_up","0",0.936812853,0.936812853,0.936812853,"16h_all_up"
"LOC100190939",5,-0.026100668,0.828575322,0.38153894,0.001830007,0.296095099,0.001432583,0.654925363,2.6e-07,"16h","all_up","0",0.654925363,0.654925363,0.654925363,"16h_all_up"
"LOC100289580",2,-0.043658107,0.530153202,-0.109638082,0.158642737,0.106018673,0.337692956,0.606894995,2.82e-08,"16h","all_up","0",0.606894995,0.606894995,0.606894995,"16h_all_up"
"LOC100507205",5,-0.152472965,0.156271886,0.184134594,0.045475314,0.324186307,0.013836423,1.560630707,3.6e-07,"16h","all_up","0",1.560630707,1.560630707,1.560630707,"16h_all_up"
"LOC100652922",5,0.029923243,0.475342694,0.011872424,0.759862239,0.094387835,0.01079805,0.829654126,4.9e-10,"16h","all_up","0",0.829654126,0.829654126,0.829654126,"16h_all_up"
"LOC145694",5,0.035628701,0.695426315,0.332762541,0.004462921,0.091745898,0.255669948,0.600549851,1.61e-05,"16h","all_up","0",0.600549851,0.600549851,0.600549851,"16h_all_up"
"LOC151657",5,0.033318658,0.73200939,0.265026432,0.007708049,0.167535627,0.034537731,1.031395793,2.87e-08,"16h","all_up","0",1.031395793,1.031395793,1.031395793,"16h_all_up"
"LOC153546",5,-0.104072548,0.489143557,0.34764315,0.013754163,-0.060508042,0.619773133,1.027272849,4.51e-07,"16h","all_up","0",1.027272849,1.027272849,1.027272849,"16h_all_up"
"LOC202181",5,0.043678975,0.694461531,0.146602239,0.082570491,0.698287573,1.2e-05,1.346193806,7.33e-10,"12h,16h","all_up","0",1.02224069,1.346193806,1.346193806,"12h,16h_all_up"
"LOC221442",5,0.088157097,0.191433622,0.196553927,0.029731518,0.321240951,0.00357324,0.747815124,1.5e-07,"16h","all_up","0",0.747815124,0.747815124,0.747815124,"16h_all_up"
"LOC283335",3,-0.010379379,0.948196217,-0.685877383,3.69e-06,0.001308498,0.982899705,0.511041241,0.001490263,"8h","all_down","0",-0.685877383,0.685877383,-0.685877383,"8h_all_down"
"LOC283454",5,-0.145266954,0.257237876,0.158216075,0.099615758,0.146838432,0.127447475,1.335349655,6.94e-11,"16h","all_up","0",1.335349655,1.335349655,1.335349655,"16h_all_up"
"LOC283553",5,0.038379042,0.458329551,0.230848665,0.002584441,0.168163167,0.057437564,1.201323539,3.97e-10,"16h","all_up","0",1.201323539,1.201323539,1.201323539,"16h_all_up"
"LOC283663",5,0.008651615,0.936059576,0.334013148,0.00541059,0.196941135,0.021397396,0.64622,1.56e-05,"16h","all_up","0",0.64622,0.64622,0.64622,"16h_all_up"
"LOC283674",5,0.034754138,0.390573197,0.012359443,0.612951826,0.068086846,0.050404444,1.284325921,2.03e-13,"16h","all_up","0",1.284325921,1.284325921,1.284325921,"16h_all_up"
"LOC283693",5,-0.049764526,0.405149669,0.185954159,0.047203471,0.323928981,0.012606213,0.673865447,1.75e-06,"16h","all_up","0",0.673865447,0.673865447,0.673865447,"16h_all_up"
"LOC285147",5,-0.031584174,0.778736042,0.272797951,0.007166817,0.134033849,0.199945391,0.842078543,1.19e-06,"16h","all_up","0",0.842078543,0.842078543,0.842078543,"16h_all_up"
"LOC286059",5,-0.016102755,0.74584713,0.031352576,0.511961987,-0.068866098,0.121771735,0.672276305,3.34e-07,"16h","all_up","0",0.672276305,0.672276305,0.672276305,"16h_all_up"
"LOC286071",5,-0.024298673,0.843836814,0.104127152,0.332689372,-0.007769905,0.939768087,0.989341726,3.11e-07,"16h","all_up","0",0.989341726,0.989341726,0.989341726,"16h_all_up"
"LOC339524",5,-0.020317133,0.82126575,0.142449912,0.082380532,0.037721917,0.621698309,1.044022883,1.63e-08,"16h","all_up","0",1.044022883,1.044022883,1.044022883,"16h_all_up"
"LOC345051",5,0.026172569,0.410968968,0.052478296,0.29025093,0.151603835,0.000627573,0.936850279,4.76e-12,"16h","all_up","0",0.936850279,0.936850279,0.936850279,"16h_all_up"
"LOC386758",2,-0.115103335,0.339132768,0.295450375,0.054742864,0.022514593,0.868088796,0.680066848,1.76e-07,"16h","all_up","0",0.680066848,0.680066848,0.680066848,"16h_all_up"
"LOC399815",5,0.025581953,0.700520053,0.026636273,0.710459014,0.086243465,0.223157196,0.62250119,1.12e-06,"16h","all_up","0",0.62250119,0.62250119,0.62250119,"16h_all_up"
"LOC441268",4,0.084135376,0.336412059,0.187247558,0.054225196,0.127243832,0.157513334,-0.629661029,1.07e-05,"16h","all_down","0",-0.629661029,0.629661029,-0.629661029,"16h_all_down"
"LOC643201",5,0.018524231,0.62984255,0.253334404,0.001796263,0.142648336,0.008537339,1.164641728,1.34e-11,"16h","all_up","0",1.164641728,1.164641728,1.164641728,"16h_all_up"
"LOC645249",2,-0.181386773,0.222632008,0.370850149,0.010930521,0.124418451,0.278653814,0.623664871,0.000182008,"16h","all_up","0",0.623664871,0.623664871,0.623664871,"16h_all_up"
"LOC728437",5,0.054368614,0.179487457,-0.002619597,0.952274232,0.147300643,0.001194348,0.970301834,4.34e-10,"16h","all_up","0",0.970301834,0.970301834,0.970301834,"16h_all_up"
"LOC728537",5,-0.190042948,0.219332587,0.376952105,0.007389649,0.104792626,0.426758085,0.741006395,3.59e-06,"16h","all_up","0",0.741006395,0.741006395,0.741006395,"16h_all_up"
"LOC729867",5,-0.025448785,0.765578034,0.230721964,0.015059531,0.046789044,0.537276475,0.625336459,2.14e-07,"16h","all_up","0",0.625336459,0.625336459,0.625336459,"16h_all_up"
"LOC730101",4,0.02867757,0.787886349,-0.285929603,0.014192624,-0.187896069,0.09041129,-1.04223401,4.54e-07,"16h","all_down","0",-1.04223401,1.04223401,-1.04223401,"16h_all_down"
"LOC79015",5,0.024067796,0.493207764,0.05909493,0.333271064,0.217033263,0.002510959,1.204444773,3.81e-09,"16h","all_up","0",1.204444773,1.204444773,1.204444773,"16h_all_up"
"LOC91948",3,-0.353478564,0.094410472,-0.645167308,0.000196234,0.033522382,0.768359776,-0.029189843,0.840505481,"8h","all_down","0",-0.645167308,0.645167308,-0.645167308,"8h_all_down"
"LPIN1",2,0.034706552,0.671851147,0.052969008,0.589385813,-0.02090486,0.844077955,0.586258735,4.89e-06,"16h","all_up","0",0.586258735,0.586258735,0.586258735,"16h_all_up"
"LPL",1,-0.062708562,0.299621192,0.1217257,0.238970071,-0.061904794,0.553172941,-0.614632008,3.57e-07,"16h","all_down","HDF",-0.614632008,0.614632008,-0.614632008,"16h_all_down"
"LRRC3",4,-0.003362001,0.972776109,0.05970698,0.63877583,-0.066268693,0.550012813,-0.768573765,8.63e-06,"16h","all_down","0",-0.768573765,0.768573765,-0.768573765,"16h_all_down"
"LRRC66",5,0.035344226,0.754526431,0.307609216,0.000798436,0.186365031,0.099959893,1.293761405,4.47e-09,"16h","all_up","0",1.293761405,1.293761405,1.293761405,"16h_all_up"
"LYPD6",1,-0.084122814,0.4246227,0.195447566,0.123030818,-0.015180238,0.897569968,-0.666753806,1.01e-06,"16h","all_down","0",-0.666753806,0.666753806,-0.666753806,"16h_all_down"
"LZTS1",4,-0.114409184,0.205136297,0.075739157,0.390615621,-0.311173374,0.00414136,-0.720422754,1.12e-07,"16h","all_down","0",-0.720422754,0.720422754,-0.720422754,"16h_all_down"
"MAFG",5,-0.19699524,0.032088775,-0.156751028,0.105328549,0.20004119,0.053074184,0.767398878,1.3e-07,"16h","all_up","0",0.767398878,0.767398878,0.767398878,"16h_all_up"
"MAMSTR",1,-0.13742067,0.148768144,0.196473765,0.071650816,-0.08436569,0.414476923,-0.621364914,1.16e-05,"16h","all_down","0",-0.621364914,0.621364914,-0.621364914,"16h_all_down"
"MAN1A2",5,0.047193882,0.584353712,0.125661394,0.184648328,0.078609652,0.324079462,0.718069447,2.39e-07,"16h","all_up","0",0.718069447,0.718069447,0.718069447,"16h_all_up"
"MANEAL",4,-0.197534772,0.06445115,-0.212003898,0.091380349,0.036930626,0.789735524,-0.690976264,3.02e-06,"16h","all_down","0",-0.690976264,0.690976264,-0.690976264,"16h_all_down"
"MANF",5,-0.051166662,0.578684611,0.206873986,0.004855859,0.550025602,1.22e-06,1.468411072,5.82e-13,"16h","all_up","0",1.468411072,1.468411072,1.468411072,"16h_all_up"
"MAP2K6",4,-0.005082086,0.95460366,0.074979068,0.368846281,-0.084611715,0.442436058,-0.865756665,3.12e-09,"16h","all_down","0",-0.865756665,0.865756665,-0.865756665,"16h_all_down"
"MAPK7",4,-0.126089675,0.47725162,-0.240599767,0.036458247,-0.106099783,0.474233818,-0.76850703,1.46e-06,"16h","all_down","0",-0.76850703,0.76850703,-0.76850703,"16h_all_down"
"MBD5",5,0.052136709,0.471991911,0.297563948,0.007482388,0.10150408,0.334142942,0.771091758,6.71e-07,"16h","all_up","0",0.771091758,0.771091758,0.771091758,"16h_all_up"
"MBNL2",2,-0.079567856,0.475421379,0.052323825,0.71037091,-0.033488211,0.795605892,0.816966504,6.28e-06,"16h","all_up","0",0.816966504,0.816966504,0.816966504,"16h_all_up"
"MBOAT1",4,-0.073123499,0.586943899,0.304623979,0.012759651,-0.235937699,0.100409298,-0.903689962,1.13e-06,"16h","all_down","0",-0.903689962,0.903689962,-0.903689962,"16h_all_down"
"MC1R",2,-0.236292058,0.125943022,0.302827281,0.04627978,0.235675436,0.064371952,0.700560042,4.69e-06,"16h","all_up","0",0.700560042,0.700560042,0.700560042,"16h_all_up"
"MCM5",4,-0.110220306,0.578470883,-0.24842003,0.086563687,-0.064794254,0.634606706,-1.028406746,2.38e-08,"16h","all_down","HDF",-1.028406746,1.028406746,-1.028406746,"16h_all_down"
"MCM6",4,0.072093184,0.435160286,0.194150348,0.102322816,-0.16273794,0.24734355,-0.977008078,4.01e-05,"16h","all_down","0",-0.977008078,0.977008078,-0.977008078,"16h_all_down"
"MESP2",1,-0.165328494,0.211805266,0.27543602,0.011991947,-0.235781165,0.048927989,-0.61917359,4.67e-07,"16h","all_down","0",-0.61917359,0.61917359,-0.61917359,"16h_all_down"
"METAP1",4,0.097229426,0.339733877,-0.161213526,0.077257919,-0.25266894,0.003966439,-0.753513848,4.48e-05,"16h","all_down","0",-0.753513848,0.753513848,-0.753513848,"16h_all_down"
"METAP1D",5,0.005695039,0.957685955,0.272518727,0.00601717,0.15812595,0.097838592,1.12622332,1.08e-09,"16h","all_up","0",1.12622332,1.12622332,1.12622332,"16h_all_up"
"METTL19",5,0.10626776,0.164737095,0.096198795,0.206729828,0.146685227,0.111745294,0.851002633,2.1e-07,"16h","all_up","0",0.851002633,0.851002633,0.851002633,"16h_all_up"
"MGC12982",5,-0.007739931,0.945953395,-0.008288563,0.911663364,0.059643404,0.53282333,0.729296885,1.15e-06,"16h","all_up","0",0.729296885,0.729296885,0.729296885,"16h_all_up"
"MGC23284",5,-0.098525842,0.406709779,0.327412797,0.002919574,0.150124699,0.120625138,0.861869684,3.32e-08,"16h","all_up","0",0.861869684,0.861869684,0.861869684,"16h_all_up"
"MIA",5,-0.006511538,0.838923403,0.001742788,0.956901611,0.114898733,0.001691939,0.603606474,1.07e-08,"16h","all_up","0",0.603606474,0.603606474,0.603606474,"16h_all_up"
"MLNR",5,-0.019626641,0.438200365,0.021747357,0.556726915,0.358883979,5.52e-06,1.139938732,0.001923629,"16h","all_up","0",1.139938732,1.139938732,1.139938732,"16h_all_up"
"MOAP1",2,0.192204434,0.118213855,0.225036304,0.029137197,0.470701687,0.001038188,0.648329568,0.001115682,"16h","all_up","HRF",0.648329568,0.648329568,0.648329568,"16h_all_up"
"MSI2",5,-0.074260484,0.460789417,0.148608363,0.168695234,-0.058204134,0.658263769,0.81880419,3.53e-07,"16h","all_up","HDF",0.81880419,0.81880419,0.81880419,"16h_all_up"
"MXD1",5,-0.008086664,0.941298147,0.221915869,0.037451437,0.017153464,0.867594579,0.742971906,2.67e-05,"16h","all_up","0",0.742971906,0.742971906,0.742971906,"16h_all_up"
"MXD4",4,-0.220181944,0.022724468,-0.264318854,0.016957956,-0.54829048,0.000102209,-1.082223583,6.25e-09,"16h","all_down","0",-1.082223583,1.082223583,-1.082223583,"16h_all_down"
"MYB",1,-0.146057148,0.310428774,0.236475154,0.033729826,-0.17981295,0.119170074,-0.913101019,1.79e-06,"16h","all_down","0",-0.913101019,0.913101019,-0.913101019,"16h_all_down"
"MYEF2",6,0.208761039,0.081090194,0.024483719,0.775854848,0.151867355,0.093364033,0.636678475,0.001042552,"16h","all_up","HDF",0.636678475,0.636678475,0.636678475,"16h_all_up"
"MYH3",2,0.010276876,0.954390651,0.873058975,0.000145258,0.308894415,0.120476525,0.989668353,2.51e-08,"8h,16h","all_up","0",0.931363664,0.989668353,0.989668353,"8h,16h_all_up"
"MYLK2",5,-0.022031,0.718201064,0.170766643,0.034903944,0.146416762,0.033561459,0.864873075,2.92e-09,"16h","all_up","0",0.864873075,0.864873075,0.864873075,"16h_all_up"
"NACC2",5,-0.143601074,0.35409153,0.317049359,0.010827556,0.071816635,0.536411966,0.956445788,8.2e-07,"16h","all_up","0",0.956445788,0.956445788,0.956445788,"16h_all_up"
"NAP1L2",4,0.018289342,0.829063088,-0.015707603,0.829644256,-0.34759724,0.003435748,-0.763258094,1.26e-07,"16h","all_down","0",-0.763258094,0.763258094,-0.763258094,"16h_all_down"
"NAP1L3",4,0.02633412,0.767587104,-0.125572562,0.123624277,-0.322212875,0.001404514,-1.161381188,6.4e-09,"16h","all_down","0",-1.161381188,1.161381188,-1.161381188,"16h_all_down"
"NEB",5,0.042587902,0.382273114,0.256189937,0.01719032,0.063506769,0.308279071,0.788059952,1.3e-08,"16h","all_up","HDF",0.788059952,0.788059952,0.788059952,"16h_all_up"
"NFKBIZ",6,0.187014009,0.109516092,-0.004857696,0.96186262,0.086676388,0.519695289,0.676427529,5.13e-07,"16h","all_up","0",0.676427529,0.676427529,0.676427529,"16h_all_up"
"NOL6",3,-0.292053012,0.093025029,-0.607746932,0.00020391,-0.008619727,0.940243762,0.018905711,0.871276183,"8h","all_down","0",-0.607746932,0.607746932,-0.607746932,"8h_all_down"
"NPAT",4,0.067704109,0.413521016,0.037442686,0.706954046,-0.160732105,0.091996715,-0.750807311,2.01e-07,"16h","all_down","0",-0.750807311,0.750807311,-0.750807311,"16h_all_down"
"NPEPL1",2,-0.024277684,0.859399826,0.515751484,0.000482258,0.313516229,0.0087778,0.832853235,6.83e-06,"16h","all_up","HRF",0.832853235,0.832853235,0.832853235,"16h_all_up"
"NPFF",5,-0.03909726,0.729084079,0.344919725,0.001512757,0.261993572,0.012064802,0.783510914,8.41e-08,"16h","all_up","0",0.783510914,0.783510914,0.783510914,"16h_all_up"
"NPPC",5,0.071552057,0.306403365,0.026430515,0.699682327,0.283663217,0.003649623,0.685326571,6.94e-07,"16h","all_up","0",0.685326571,0.685326571,0.685326571,"16h_all_up"
"NR4A1",2,-0.290870304,0.071129943,-0.042182335,0.7417762,0.123838027,0.367542947,0.785188582,6.22e-05,"16h","all_up","0",0.785188582,0.785188582,0.785188582,"16h_all_up"
"NR6A1",2,-0.03215264,0.730650594,-0.016072958,0.852013714,0.024473386,0.788089266,0.596550954,3.81e-05,"16h","all_up","0",0.596550954,0.596550954,0.596550954,"16h_all_up"
"NXF2",5,-0.00167783,0.955475425,0.044125104,0.126473975,0.002492519,0.942787412,0.674078538,2.69e-09,"16h","all_up","0",0.674078538,0.674078538,0.674078538,"16h_all_up"
"OGDHL",1,-0.086879216,0.538864652,0.403576736,0.00194403,-0.057984336,0.616570247,-0.782532606,2.2e-07,"16h","all_down","0",-0.782532606,0.782532606,-0.782532606,"16h_all_down"
"OK/SW-CL.58",5,-0.042189559,0.269500606,0.169045876,0.014030921,1.037012479,4.5e-07,2.380750189,5.99e-15,"12h,16h","all_up","0",1.708881334,2.380750189,2.380750189,"12h,16h_all_up"
"OLIG1",4,-0.095071326,0.515802354,0.166876097,0.121302655,-0.152044306,0.10998799,-0.710744164,7.61e-06,"16h","all_down","0",-0.710744164,0.710744164,-0.710744164,"16h_all_down"
"OR52B2",5,0.003589702,0.930476609,0.882709909,0.000139092,2.882903655,2.55e-08,3.260023037,1.08e-05,"8h,12h,16h","all_up","0",2.341878867,3.260023037,3.260023037,"8h,12h,16h_all_up"
"OR8H1",2,-0.120149387,0.514311478,-0.249167118,0.087834424,0.110343398,0.49282093,1.527587797,2.78e-08,"16h","all_up","0",1.527587797,1.527587797,1.527587797,"16h_all_up"
"OSBPL7",1,-0.177325876,0.265844526,0.383296697,0.009981437,0.044215573,0.699943018,-0.769121832,1.5e-05,"16h","all_down","HDF",-0.769121832,0.769121832,-0.769121832,"16h_all_down"
"PAOX",1,-0.25206605,0.019395882,-0.010240897,0.905194171,-0.156618671,0.074645684,-0.706761623,1.56e-07,"16h","all_down","0",-0.706761623,0.706761623,-0.706761623,"16h_all_down"
"PAPD5",5,0.025809096,0.67475008,0.089365887,0.228895917,0.080450971,0.242371574,0.654973241,2.04e-07,"16h","all_up","0",0.654973241,0.654973241,0.654973241,"16h_all_up"
"PARP16",4,-0.020719418,0.830231485,-0.274914847,0.015273605,-0.04045575,0.803920097,-0.662918085,4.53e-05,"16h","all_down","0",-0.662918085,0.662918085,-0.662918085,"16h_all_down"
"PASK",4,-0.004364014,0.965906038,0.005519316,0.960329871,0.085624103,0.379577751,-0.975490544,2.24e-06,"16h","all_down","0",-0.975490544,0.975490544,-0.975490544,"16h_all_down"
"PCLO",5,0.018780429,0.731421106,0.045713647,0.578987027,0.277879362,0.018690202,0.898834614,1.32e-09,"16h","all_up","0",0.898834614,0.898834614,0.898834614,"16h_all_up"
"PCNA",4,0.065130516,0.438421989,-0.275660022,0.00177395,-0.156490326,0.047539534,-0.645993296,3.58e-07,"16h","all_down","HDF",-0.645993296,0.645993296,-0.645993296,"16h_all_down"
"PDIA4",5,0.036510906,0.741464819,-0.197925546,0.292800502,0.586770404,0.00654526,1.468401776,1.13e-09,"12h,16h","all_up","0",1.02758609,1.468401776,1.468401776,"12h,16h_all_up"
"PDIA6",6,0.183280636,0.190903497,0.055438984,0.632765785,0.360823142,0.003703625,0.703017012,0.000182943,"16h","all_up","HDF",0.703017012,0.703017012,0.703017012,"16h_all_up"
"PELI3",4,-0.136091165,0.384904258,0.516679765,0.011180303,-0.041714928,0.833946348,-0.692701248,1.36e-06,"16h","all_down","0",-0.692701248,0.692701248,-0.692701248,"16h_all_down"
"PGBD5",4,-0.092395589,0.530475513,-0.310470913,0.06269973,-0.039238976,0.803338446,-0.646409854,7.78e-07,"16h","all_down","0",-0.646409854,0.646409854,-0.646409854,"16h_all_down"
"PHLDA2",2,-0.141578853,0.187018634,0.06729531,0.497773215,0.042801792,0.657304407,0.665029496,0.000123213,"16h","all_up","0",0.665029496,0.665029496,0.665029496,"16h_all_up"
"PI15",5,0.069109925,0.350893102,0.255224072,0.007878552,0.156396249,0.1166149,0.749722117,6.02e-06,"16h","all_up","0",0.749722117,0.749722117,0.749722117,"16h_all_up"
"PIF1",5,-0.064394772,0.626638833,0.328158322,0.007981261,0.323824444,0.002300163,0.914205188,1.16e-08,"16h","all_up","0",0.914205188,0.914205188,0.914205188,"16h_all_up"
"PLA2G4C",5,-0.025894359,0.753935372,0.375568327,0.002563311,0.130937266,0.301404333,0.700071181,1.71e-09,"16h","all_up","0",0.700071181,0.700071181,0.700071181,"16h_all_up"
"PLAC8L1",5,0.048476718,0.478351092,0.261924522,0.011284342,0.3634329,0.001129935,1.427630696,8.47e-12,"16h","all_up","0",1.427630696,1.427630696,1.427630696,"16h_all_up"
"PLEKHA6",5,-0.023168624,0.62747673,0.057886796,0.342593537,0.097149006,0.088571723,0.936642633,2.78e-09,"16h","all_up","0",0.936642633,0.936642633,0.936642633,"16h_all_up"
"PLIN4",5,-0.02020776,0.816740435,0.340650433,0.000612355,0.168439137,0.047287071,1.091265253,9.45e-11,"16h","all_up","0",1.091265253,1.091265253,1.091265253,"16h_all_up"
"PLK3",2,-0.203545363,0.093856894,0.209227072,0.044351513,0.176213458,0.077992505,1.020225594,8.88e-09,"16h","all_up","HDF",1.020225594,1.020225594,1.020225594,"16h_all_up"
"PLSCR2",5,0.039038903,0.241329259,-0.003422554,0.921776045,0.226772605,1.44e-05,0.68421892,0.000268925,"16h","all_up","0",0.68421892,0.68421892,0.68421892,"16h_all_up"
"PMAIP1",5,0.066048244,0.372254603,-0.056695468,0.459722263,0.20441214,0.024169944,0.763680342,6.51e-08,"16h","all_up","HDF",0.763680342,0.763680342,0.763680342,"16h_all_up"
"PMEPA1",2,-0.162127535,0.186417591,0.025020922,0.88382911,0.070077823,0.642038756,0.751513518,6.99e-05,"16h","all_up","0",0.751513518,0.751513518,0.751513518,"16h_all_up"
"PMP22",4,-0.050408222,0.659517855,0.191151806,0.07175878,-0.154833896,0.119619611,-0.71406343,1.6e-07,"16h","all_down","0",-0.71406343,0.71406343,-0.71406343,"16h_all_down"
"PNMA2",4,0.181857505,0.108346466,-0.034794429,0.662744175,0.058318279,0.505303556,-0.67318552,3.04e-06,"16h","all_down","0",-0.67318552,0.67318552,-0.67318552,"16h_all_down"
"POLD3",4,0.097103258,0.216612678,0.012114818,0.905689698,-0.12296634,0.218905163,-0.73240576,1.46e-07,"16h","all_down","HRF",-0.73240576,0.73240576,-0.73240576,"16h_all_down"
"POPDC2",5,-0.035756603,0.704451371,0.22250047,0.014994276,0.040319394,0.707095961,0.615338161,1.03e-07,"16h","all_up","0",0.615338161,0.615338161,0.615338161,"16h_all_up"
"PP14571",5,0.053721989,0.128464265,0.042969479,0.317450928,0.162770038,0.015954597,0.913299691,5.41e-09,"16h","all_up","0",0.913299691,0.913299691,0.913299691,"16h_all_up"
"PPAN-P2RY11",5,0.068608197,0.319321438,0.01344293,0.792418134,0.271099882,0.000348493,1.153718765,7.23e-10,"16h","all_up","0",1.153718765,1.153718765,1.153718765,"16h_all_up"
"PPAP2B",4,0.064140526,0.464826686,0.175094178,0.073728867,-0.129035998,0.24248466,-0.702213728,3.12e-06,"16h","all_down","0",-0.702213728,0.702213728,-0.702213728,"16h_all_down"
"PPFIA4",1,-0.287209188,0.032461289,0.027848095,0.810311531,0.334021928,0.007802801,-0.783158118,7.28e-06,"16h","all_down","0",-0.783158118,0.783158118,-0.783158118,"16h_all_down"
"PPIB",6,0.15183962,0.313294894,-0.05637209,0.716271868,0.20596035,0.225902359,0.735880942,5.26e-07,"16h","all_up","HDF",0.735880942,0.735880942,0.735880942,"16h_all_up"
"PPIF",4,-0.084031326,0.196500238,-0.082848516,0.221080567,-0.237003066,0.016119378,-0.615876116,2.26e-06,"16h","all_down","HDF",-0.615876116,0.615876116,-0.615876116,"16h_all_down"
"PPP1R18",4,-0.159222371,0.204207504,-0.229718966,0.036134184,-0.286433504,0.033366821,-0.669169605,1.41e-06,"16h","all_down","0",-0.669169605,0.669169605,-0.669169605,"16h_all_down"
"PPP1R26",4,-0.041142113,0.676309472,-0.047923354,0.591506085,0.039297826,0.643671068,-0.597527332,0.000108736,"16h","all_down","0",-0.597527332,0.597527332,-0.597527332,"16h_all_down"
"PPP4R4",4,0.059689177,0.590980992,0.073412796,0.455177795,-0.058033033,0.504769694,-0.581522121,0.000187767,"16h","all_down","0",-0.581522121,0.581522121,-0.581522121,"16h_all_down"
"PRDM16",2,-0.07881564,0.608760989,0.406175188,0.005173429,0.193080435,0.168080122,0.698097055,1.1e-05,"16h","all_up","0",0.698097055,0.698097055,0.698097055,"16h_all_up"
"PREP",4,-0.008492584,0.924976361,-0.22710548,0.023363378,-0.046774736,0.558499244,-0.64649672,7.5e-05,"16h","all_down","0",-0.64649672,0.64649672,-0.64649672,"16h_all_down"
"PRMT6",4,-0.012627374,0.907099016,0.0471618,0.685413849,-0.121633232,0.262932255,-0.77959038,0.000475659,"16h","all_down","0",-0.77959038,0.77959038,-0.77959038,"16h_all_down"
"PROK2",6,0.004212075,0.965285208,-0.035322207,0.777950136,-0.082089419,0.417154431,0.605185449,0.000356909,"16h","all_up","0",0.605185449,0.605185449,0.605185449,"16h_all_up"
"PRPF4B",2,0.076869238,0.375125304,0.161161386,0.104357836,0.048152408,0.555906151,0.660969552,8.66e-05,"16h","all_up","0",0.660969552,0.660969552,0.660969552,"16h_all_up"
"PRRT2",2,0.020458236,0.901342932,0.742420752,0.000288529,0.236673981,0.091114141,0.178046349,0.146246735,"8h","all_up","0",0.742420752,0.742420752,0.742420752,"8h_all_up"
"PTGFRN",4,-0.04143184,0.656851025,-0.290888162,0.090842077,-0.034509984,0.829070575,-0.655177912,7.19e-08,"16h","all_down","HRF",-0.655177912,0.655177912,-0.655177912,"16h_all_down"
"PTPRC",3,-0.203131127,0.25139197,-0.71192816,0.000412274,-0.068855849,0.656696587,0.046864776,0.741821713,"8h","all_down","0",-0.71192816,0.71192816,-0.71192816,"8h_all_down"
"PVRL2",2,-0.151735992,0.159242781,0.091324494,0.43714396,0.0753678,0.43445835,0.64779886,2.21e-05,"16h","all_up","0",0.64779886,0.64779886,0.64779886,"16h_all_up"
"PVT1",2,-0.113394065,0.219165522,0.220049668,0.028005973,0.228659254,0.018895054,0.588663866,2.78e-06,"16h","all_up","0",0.588663866,0.588663866,0.588663866,"16h_all_up"
"QPCT",2,0.064880733,0.601429884,0.179366318,0.065602143,0.058334468,0.607019647,0.588289438,5.66e-06,"16h","all_up","0",0.588289438,0.588289438,0.588289438,"16h_all_up"
"RAD51D",4,-0.008745078,0.902251922,0.168986727,0.028755219,0.029065501,0.712561649,-0.693025976,1.02e-06,"16h","all_down","0",-0.693025976,0.693025976,-0.693025976,"16h_all_down"
"RASL10A",2,-0.119504101,0.367269754,0.299976012,0.006587002,0.140101247,0.148582614,1.054315445,2.8e-07,"16h","all_up","0",1.054315445,1.054315445,1.054315445,"16h_all_up"
"RASSF1",5,-0.042908228,0.618347475,0.097741128,0.229850721,0.359869822,0.000473128,0.780372554,5.76e-08,"16h","all_up","HDF",0.780372554,0.780372554,0.780372554,"16h_all_up"
"RBM15",6,0.110433081,0.39477931,-0.159629201,0.373646613,0.312498166,0.128340152,0.902309145,1.22e-08,"16h","all_up","0",0.902309145,0.902309145,0.902309145,"16h_all_up"
"RBMX",4,-0.024043282,0.858355716,-0.312624356,0.010612791,-0.016314232,0.869167448,-0.598239442,0.000749028,"16h","all_down","0",-0.598239442,0.598239442,-0.598239442,"16h_all_down"
"RCOR2",2,-0.276696251,0.095379856,0.513360634,0.001314746,0.268138646,0.129032926,0.58181507,0.000845978,"16h","all_up","0",0.58181507,0.58181507,0.58181507,"16h_all_up"
"REEP5",4,0.051595194,0.645120889,0.25640198,0.012281097,-0.26615934,0.027361913,-0.606957822,1.86e-06,"16h","all_down","0",-0.606957822,0.606957822,-0.606957822,"16h_all_down"
"RFPL4A",5,0.011635104,0.742523978,-0.061866437,0.268671832,0.0597952,0.118239322,0.801892647,2.6e-11,"16h","all_up","0",0.801892647,0.801892647,0.801892647,"16h_all_up"
"RFXAP",4,0.121672022,0.246090056,0.081465718,0.394103724,-0.179073044,0.113738129,-0.786021854,5.7e-05,"16h","all_down","0",-0.786021854,0.786021854,-0.786021854,"16h_all_down"
"RGS16",2,0.074444934,0.564898072,0.3363774,0.003453121,0.37283638,0.007224204,0.602793532,3.07e-06,"16h","all_up","0",0.602793532,0.602793532,0.602793532,"16h_all_up"
"RHEBL1",5,-0.110698962,0.399404947,0.351170211,0.014215776,0.065061737,0.677400976,1.374572149,9.12e-09,"16h","all_up","0",1.374572149,1.374572149,1.374572149,"16h_all_up"
"RHOBTB2",4,-0.196300505,0.10950498,0.257876374,0.023058887,-0.134639512,0.322078233,-0.678761663,1.03e-07,"16h","all_down","0",-0.678761663,0.678761663,-0.678761663,"16h_all_down"
"RHOXF1",5,-0.014374223,0.863999461,0.29020118,0.012587717,0.261591766,0.0295494,0.617070837,1.15e-08,"16h","all_up","0",0.617070837,0.617070837,0.617070837,"16h_all_up"
"RIBC2",1,-0.174081641,0.152835829,0.35957289,0.01917903,-0.13579562,0.307663541,-0.685247184,2.54e-06,"16h","all_down","0",-0.685247184,0.685247184,-0.685247184,"16h_all_down"
"RIMBP3",4,-0.201427631,0.196959344,0.271759897,0.031951737,-0.256240891,0.054077236,-1.050434642,1.27e-08,"16h","all_down","0",-1.050434642,1.050434642,-1.050434642,"16h_all_down"
"RMI2",2,-0.006062465,0.952176388,0.153501938,0.100187875,-0.042737782,0.64314026,-0.637515006,5.77e-07,"16h","all_down","0",-0.637515006,0.637515006,-0.637515006,"16h_all_down"
"RNF112",5,-0.002852977,0.962791848,0.124655991,0.011753105,0.149896213,0.010132027,0.598487888,2.27e-07,"16h","all_up","0",0.598487888,0.598487888,0.598487888,"16h_all_up"
"RNF145",2,0.159929456,0.087944838,0.275286247,0.047081178,0.105809651,0.45837355,0.815829184,8.29e-06,"16h","all_up","0",0.815829184,0.815829184,0.815829184,"16h_all_up"
"RNF44",2,-0.01805697,0.813878225,0.07076501,0.394446513,0.149389141,0.109967731,0.602143866,2.14e-06,"16h","all_up","HRF",0.602143866,0.602143866,0.602143866,"16h_all_up"
"RPL13AP17",3,-0.309818868,0.146926928,-0.665376418,0.000186829,-0.344632118,0.009265882,-0.367197488,0.045345965,"8h","all_down","0",-0.665376418,0.665376418,-0.665376418,"8h_all_down"
"RPRM",2,-0.172780416,0.171325484,0.245541532,0.046665344,0.136173676,0.27394653,0.615435962,2.22e-06,"16h","all_up","0",0.615435962,0.615435962,0.615435962,"16h_all_up"
"RPS4Y2",3,-0.140256105,0.283119034,-0.58457611,0.000301753,-0.426429973,0.005310272,-0.230359015,5.78e-05,"8h","all_down","0",-0.58457611,0.58457611,-0.58457611,"8h_all_down"
"RUNX1T1",4,0.029237028,0.789182143,0.24776609,0.022557312,-0.126511914,0.270315891,-0.790481366,1.13e-06,"16h","all_down","0",-0.790481366,0.790481366,-0.790481366,"16h_all_down"
"SAMD10",3,-0.763509632,0.109892149,-0.83746962,0.000180272,-0.026621296,0.876454687,-0.42699791,0.004674005,"8h","all_down","0",-0.83746962,0.83746962,-0.83746962,"8h_all_down"
"SAMD4A",5,-0.095273822,0.197663935,0.105566182,0.143285908,-0.057528409,0.411077396,0.654301734,1.42e-07,"16h","all_up","0",0.654301734,0.654301734,0.654301734,"16h_all_up"
"SBSN",5,-0.037823888,0.575965542,0.31694991,0.004020862,0.213389422,0.017301959,1.076439443,2.34e-10,"16h","all_up","0",1.076439443,1.076439443,1.076439443,"16h_all_up"
"SCAND3",6,0.075320885,0.326473744,-0.063919322,0.497265921,0.209113908,0.083975609,0.583423631,4.51e-07,"16h","all_up","0",0.583423631,0.583423631,0.583423631,"16h_all_up"
"SCG5",5,0.070108766,0.280416841,0.195392526,0.006996959,0.22055566,0.001595078,1.501877661,1.65e-12,"16h","all_up","0",1.501877661,1.501877661,1.501877661,"16h_all_up"
"SDC1",1,-0.115073793,0.232663538,0.06116417,0.55168447,0.002779497,0.975962906,-0.633753722,3.22e-06,"16h","all_down","HDF",-0.633753722,0.633753722,-0.633753722,"16h_all_down"
"SDF2L1",5,-0.041291662,0.695641679,0.438060912,0.002499337,0.584906588,0.00036905,1.102771532,1.54e-10,"12h,16h","all_up","HDF",0.84383906,1.102771532,1.102771532,"12h,16h_all_up"
"SDK2",5,-0.108863939,0.246931455,0.151221066,0.07191808,0.200957351,0.081260207,0.611622601,1.08e-05,"16h","all_up","0",0.611622601,0.611622601,0.611622601,"16h_all_up"
"SEC14L2",1,-0.075964693,0.638245381,0.324564952,0.046092249,-0.216617587,0.189955758,-1.011218082,4.41e-07,"16h","all_down","0",-1.011218082,1.011218082,-1.011218082,"16h_all_down"
"SEL1L",6,0.02559262,0.845177378,-0.07833997,0.541370639,0.187242987,0.164304354,0.987366687,0.000564791,"16h","all_up","HDF",0.987366687,0.987366687,0.987366687,"16h_all_up"
"SELK",5,-0.01322777,0.873909178,0.233720578,0.111907659,0.2279452,0.075017731,0.657285394,3.54e-07,"16h","all_up","0",0.657285394,0.657285394,0.657285394,"16h_all_up"
"SERPINC1",5,0.007476681,0.879495182,0.067543598,0.189392836,0.053659009,0.220155687,0.698035826,1.04e-08,"16h","all_up","HRF",0.698035826,0.698035826,0.698035826,"16h_all_up"
"SH2D3C",5,-0.390473106,0.012623862,-0.067675585,0.590652161,0.00139686,0.98889314,2.926754243,4.87e-13,"16h","all_up","0",2.926754243,2.926754243,2.926754243,"16h_all_up"
"SH3YL1",5,0.074215822,0.465260484,0.321996983,0.008031713,0.182528801,0.082486844,0.816051952,2.76e-06,"16h","all_up","0",0.816051952,0.816051952,0.816051952,"16h_all_up"
"SHC2",2,-0.037396061,0.69439044,-0.046629537,0.450728817,0.118045785,0.254932313,0.746892542,6.44e-07,"16h","all_up","0",0.746892542,0.746892542,0.746892542,"16h_all_up"
"SHISA2",4,0.170420284,0.115635759,0.122629822,0.186439286,-0.308965556,0.002000589,-0.934519255,2.78e-09,"16h","all_down","0",-0.934519255,0.934519255,-0.934519255,"16h_all_down"
"SKIL",5,0.048143131,0.639339264,0.314499354,0.003929217,0.1238707,0.289063315,0.925792274,1.35e-08,"16h","all_up","HDF",0.925792274,0.925792274,0.925792274,"16h_all_up"
"SLC13A3",5,-0.049791494,0.734162647,0.454662186,0.002943606,0.250989885,0.166002272,1.686138403,1.35e-11,"16h","all_up","0",1.686138403,1.686138403,1.686138403,"16h_all_up"
"SLC17A9",5,-0.085339697,0.241864381,0.133931782,0.129605426,0.121966423,0.110121649,0.609758816,4.67e-07,"16h","all_up","0",0.609758816,0.609758816,0.609758816,"16h_all_up"
"SLC24A1",4,0.014127292,0.890725279,0.208259165,0.159315675,-0.076048573,0.603736195,-0.621818709,3.56e-05,"16h","all_down","HDF",-0.621818709,0.621818709,-0.621818709,"16h_all_down"
"SLC25A34",5,-0.114664022,0.215129781,0.30727713,0.00426848,0.191524786,0.094873704,0.843850764,1.12e-07,"16h","all_up","0",0.843850764,0.843850764,0.843850764,"16h_all_up"
"SLC33A1",5,0.079384983,0.485035538,-0.177356191,0.084043428,0.407076044,0.0014336,0.86141132,8.26e-09,"16h","all_up","0",0.86141132,0.86141132,0.86141132,"16h_all_up"
"SLC5A11",5,-0.075141515,0.345991669,-0.051885981,0.421855555,0.11252852,0.200663341,0.793200314,1.69e-08,"16h","all_up","0",0.793200314,0.793200314,0.793200314,"16h_all_up"
"SLC7A11",5,0.208618148,0.013196077,0.057456064,0.535447502,0.134387384,0.218365584,1.680552348,8.26e-11,"16h","all_up","0",1.680552348,1.680552348,1.680552348,"16h_all_up"
"SORCS1",5,-0.074804084,0.519703809,0.142684296,0.164593546,0.049936414,0.546030047,0.635477129,6.92e-05,"16h","all_up","0",0.635477129,0.635477129,0.635477129,"16h_all_up"
"SP3P",3,-0.136426254,0.578205541,-0.904264163,0.000287762,-0.266955033,0.031067467,-0.310671934,0.028571498,"8h","all_down","0",-0.904264163,0.904264163,-0.904264163,"8h_all_down"
"SPANXA1",5,0.019523046,0.723570239,0.134436664,0.014192906,0.01453006,0.645042115,0.764628704,2.05e-09,"16h","all_up","0",0.764628704,0.764628704,0.764628704,"16h_all_up"
"SPANXN3",5,0.028506235,0.27043206,-0.006173392,0.855580548,0.055940968,0.056858939,0.65338326,1.42e-10,"16h","all_up","0",0.65338326,0.65338326,0.65338326,"16h_all_up"
"SPDYA",5,-0.014074888,0.761045011,-0.085189241,0.172303387,0.182338749,0.01562127,1.269135886,2.77e-11,"16h","all_up","HDF",1.269135886,1.269135886,1.269135886,"16h_all_up"
"SPOCK2",3,-0.164018052,0.455962542,-0.784279189,0.000580778,-0.036871378,0.861973074,-0.045493591,0.69567412,"8h","all_down","HDF",-0.784279189,0.784279189,-0.784279189,"8h_all_down"
"SPOPL",4,0.071231767,0.47161151,0.136826768,0.166678058,-0.271141278,0.009621372,-0.65168336,4.76e-06,"16h","all_down","0",-0.65168336,0.65168336,-0.65168336,"16h_all_down"
"SPRR2A",5,0.010377183,0.777350639,0.183273526,0.000186155,0.535934471,9.06e-06,2.10987464,9.53e-12,"16h","all_up","0",2.10987464,2.10987464,2.10987464,"16h_all_up"
"ST8SIA5",5,-0.093603,0.448081532,0.253896459,0.024839318,0.172488925,0.093293332,1.214317404,1.56e-10,"16h","all_up","0",1.214317404,1.214317404,1.214317404,"16h_all_up"
"STAMBPL1",4,0.05954895,0.569857918,0.169226941,0.139610239,-0.126024536,0.34231896,-0.726642517,2.98e-05,"16h","all_down","0",-0.726642517,0.726642517,-0.726642517,"16h_all_down"
"STARD4",6,0.186875913,0.098258622,-0.04379187,0.652861349,0.020689523,0.847770102,0.603253463,6.81e-06,"16h","all_up","0",0.603253463,0.603253463,0.603253463,"16h_all_up"
"STBD1",4,-0.053813449,0.564286502,-0.021289948,0.823675585,-0.066684211,0.455801818,-0.585862326,2.61e-06,"16h","all_down","0",-0.585862326,0.585862326,-0.585862326,"16h_all_down"
"STC2",2,-0.09081556,0.302587578,-0.178818922,0.042242179,0.354501672,0.000686166,0.756145468,2.03e-06,"16h","all_up","0",0.756145468,0.756145468,0.756145468,"16h_all_up"
"STMN2",5,0.000250175,0.995577078,0.102149697,0.048402485,0.102720646,0.096862868,0.709869971,4.95e-09,"16h","all_up","0",0.709869971,0.709869971,0.709869971,"16h_all_up"
"SVIP",4,0.154226939,0.17043444,-0.029669174,0.736950541,-0.279470292,0.007473608,-0.586962681,1.51e-05,"16h","all_down","0",-0.586962681,0.586962681,-0.586962681,"16h_all_down"
"SYN2",4,-0.139114979,0.363469353,0.233759345,0.081664638,-0.377237523,0.0116684,-0.889385977,2.44e-07,"16h","all_down","0",-0.889385977,0.889385977,-0.889385977,"16h_all_down"
"SYTL4",4,0.116003915,0.196711557,-0.038812989,0.589549071,-0.093322127,0.337697902,-0.917034269,6.18e-06,"16h","all_down","0",-0.917034269,0.917034269,-0.917034269,"16h_all_down"
"TAC3",5,0.012369823,0.831582717,0.327785634,0.00093732,0.121926624,0.043174923,1.615448526,3.49e-12,"16h","all_up","0",1.615448526,1.615448526,1.615448526,"16h_all_up"
"TAS1R3",4,-0.059558494,0.506580483,-0.197665358,0.03269144,-0.014687054,0.904459658,-0.672435016,5.79e-06,"16h","all_down","HDF",-0.672435016,0.672435016,-0.672435016,"16h_all_down"
"TBC1D9",5,-0.023242692,0.775493257,0.003608173,0.970420021,0.005810803,0.955008882,0.629328325,7.84e-07,"16h","all_up","0",0.629328325,0.629328325,0.629328325,"16h_all_up"
"TCEAL7",5,0.011876726,0.688897842,-0.01136132,0.740568184,0.066801114,0.111688657,1.113790539,1.04e-12,"16h","all_up","0",1.113790539,1.113790539,1.113790539,"16h_all_up"
"TCF19",4,-0.179896453,0.089883477,-0.144035534,0.143749777,-0.386103697,0.000442802,-1.290489515,4.32e-08,"16h","all_down","0",-1.290489515,1.290489515,-1.290489515,"16h_all_down"
"TCP10",5,-0.004540763,0.924233141,0.093095668,0.192017393,0.08369862,0.212340925,0.641532483,1.41e-08,"16h","all_up","0",0.641532483,0.641532483,0.641532483,"16h_all_up"
"TES",5,0.010144744,0.93597853,-0.204139647,0.07955483,0.039016009,0.623799034,0.768538735,1.29e-06,"16h","all_up","0",0.768538735,0.768538735,0.768538735,"16h_all_up"
"TFDP1",4,0.037486746,0.632135254,-0.471267266,0.009415591,-0.400068538,0.025424912,-0.637620396,5.03e-07,"16h","all_down","0",-0.637620396,0.637620396,-0.637620396,"16h_all_down"
"TMC2",5,-0.004080414,0.888163673,0.001637958,0.976170224,0.165677414,0.004494158,1.392941205,8.28e-10,"16h","all_up","0",1.392941205,1.392941205,1.392941205,"16h_all_up"
"TMEM121",1,-0.181519662,0.094159785,-0.035110054,0.752608113,-0.083192044,0.373431862,-0.648191466,2.31e-05,"16h","all_down","0",-0.648191466,0.648191466,-0.648191466,"16h_all_down"
"TMEM159",4,-0.040664068,0.683165519,-0.09915875,0.384862748,-0.325006165,0.004789624,-0.666883174,7.28e-05,"16h","all_down","0",-0.666883174,0.666883174,-0.666883174,"16h_all_down"
"TMEM236",5,-0.001308922,0.97127983,0.003316564,0.97120612,0.107350607,0.034937217,0.752299322,4.94e-07,"16h","all_up","0",0.752299322,0.752299322,0.752299322,"16h_all_up"
"TMEM50B",5,0.164595744,0.113778101,-0.041935276,0.584269548,0.182284632,0.047979359,0.744748636,6.61e-08,"16h","all_up","0",0.744748636,0.744748636,0.744748636,"16h_all_up"
"TMEM87B",4,0.043780098,0.641220281,0.021875429,0.79899731,0.009378992,0.905668396,-0.602425098,1.09e-05,"16h","all_down","0",-0.602425098,0.602425098,-0.602425098,"16h_all_down"
"TMX1",4,-0.007842014,0.935671462,0.04150412,0.662863797,-0.622675688,0.000202605,-0.803212356,5.14e-08,"12h,16h","all_down","0",-0.712944022,0.803212356,-0.803212356,"12h,16h_all_down"
"TNFRSF12A",5,-0.163810363,0.221189253,-0.171283599,0.139122258,0.233115902,0.146326557,0.679683098,1.89e-06,"16h","all_up","0",0.679683098,0.679683098,0.679683098,"16h_all_up"
"TRAF3IP2-AS1",5,0.100743903,0.404886692,0.250495585,0.004336044,0.079807279,0.425814539,1.029187366,2e-08,"16h","all_up","0",1.029187366,1.029187366,1.029187366,"16h_all_up"
"TRAF4",2,-0.254162804,0.131520277,-0.038313584,0.702721942,0.078667086,0.478209554,0.598955376,2.37e-06,"16h","all_up","0",0.598955376,0.598955376,0.598955376,"16h_all_up"
"TRIM77P",5,-0.104867056,0.044100116,0.300943471,0.000784334,2.044359551,1.79e-08,2.88110927,1.11e-06,"12h,16h","all_up","0",2.462734411,2.88110927,2.88110927,"12h,16h_all_up"
"TTC18",5,-0.001897964,0.98591746,0.377835421,0.005726332,0.074464644,0.537054471,0.991050579,3.16e-08,"16h","all_up","0",0.991050579,0.991050579,0.991050579,"16h_all_up"
"TTC28-AS1",5,-0.141267992,0.152762826,0.265243745,0.008569188,0.184458235,0.097014947,0.667177938,6.16e-08,"16h","all_up","0",0.667177938,0.667177938,0.667177938,"16h_all_up"
"TYMS",4,0.06863354,0.319744804,0.076018744,0.304728189,-0.072736826,0.40015963,-0.599918918,1.21e-06,"16h","all_down","HDF",-0.599918918,0.599918918,-0.599918918,"16h_all_down"
"UBAP1L",5,-0.037172803,0.817387351,0.592546319,0.000358184,0.331738921,0.017165065,0.92827951,8.86e-09,"8h,16h","all_up","0",0.760412915,0.92827951,0.92827951,"8h,16h_all_up"
"UBE2C",5,0.001498188,0.985401441,-0.123017168,0.180412889,0.342731052,0.00885347,0.838551666,6.35e-07,"16h","all_up","HDF",0.838551666,0.838551666,0.838551666,"16h_all_up"
"UBL3",6,0.031169785,0.745604421,-0.200880966,0.201008471,0.011052506,0.948777901,0.723385569,2.76e-07,"16h","all_up","0",0.723385569,0.723385569,0.723385569,"16h_all_up"
"UBQLN2",4,-0.08448881,0.633727791,-0.466224284,0.003061528,-0.163946652,0.344545438,-0.81290994,1.47e-05,"16h","all_down","HDF",-0.81290994,0.81290994,-0.81290994,"16h_all_down"
"UBR7",4,-0.003521,0.965632906,0.084625528,0.510849796,-0.129973776,0.303006543,-0.708168258,4.82e-08,"16h","all_down","0",-0.708168258,0.708168258,-0.708168258,"16h_all_down"
"UCN",2,-0.129019066,0.47314622,0.522075764,0.000771307,0.264348739,0.053246951,0.700939448,9.51e-05,"16h","all_up","0",0.700939448,0.700939448,0.700939448,"16h_all_up"
"UGDH",2,-0.04810183,0.661851499,0.155940916,0.212485358,0.202837686,0.057946351,0.761608354,0.00020172,"16h","all_up","0",0.761608354,0.761608354,0.761608354,"16h_all_up"
"UOX",5,-0.002361188,0.939746415,0.043853153,0.325940901,0.140617967,0.009852646,0.60979398,9.42e-09,"16h","all_up","0",0.60979398,0.60979398,0.60979398,"16h_all_up"
"UTF1",3,-0.523503974,0.075281632,-0.71808263,3.79e-05,-0.025727536,0.860068536,-0.14999919,0.2489586,"8h","all_down","0",-0.71808263,0.71808263,-0.71808263,"8h_all_down"
"VAV1",5,0.01840436,0.815577885,0.189669223,0.009920339,0.285072636,0.001594112,0.642647241,6.78e-07,"16h","all_up","0",0.642647241,0.642647241,0.642647241,"16h_all_up"
"VAV3",2,0.02599897,0.82841258,0.233529276,0.068391998,0.093857567,0.383089944,0.714034161,2.22e-05,"16h","all_up","0",0.714034161,0.714034161,0.714034161,"16h_all_up"
"VEGFA",2,-0.191444932,0.117966815,-0.105926108,0.233490957,0.303115891,0.006151494,0.8955188,3.65e-08,"16h","all_up","0",0.8955188,0.8955188,0.8955188,"16h_all_up"
"VOPP1",4,0.084447706,0.538728666,-0.05754795,0.593084342,0.032355626,0.700341616,-0.655400994,0.006385483,"16h","all_down","0",-0.655400994,0.655400994,-0.655400994,"16h_all_down"
"VPS13B",2,0.092687771,0.463616888,0.203469206,0.22154168,0.204175152,0.126137601,0.645567344,0.000694168,"16h","all_up","HDF",0.645567344,0.645567344,0.645567344,"16h_all_up"
"WDR1",4,-0.11367784,0.542626244,-0.259163312,0.062292596,-0.099188556,0.451085664,-0.726783574,0.000129812,"16h","all_down","0",-0.726783574,0.726783574,-0.726783574,"16h_all_down"
"WDR31",5,0.093649384,0.143861156,0.074338487,0.240029353,0.129892391,0.085428975,0.664104597,2.24e-06,"16h","all_up","0",0.664104597,0.664104597,0.664104597,"16h_all_up"
"WDR66",5,0.013450624,0.6667852,0.108590271,0.017993157,0.250628153,1.64e-05,0.977856302,1.16e-10,"16h","all_up","0",0.977856302,0.977856302,0.977856302,"16h_all_up"
"WDR96",5,-0.009561194,0.852684516,0.229241091,0.007994019,0.171498864,0.018402749,1.113276645,1.1e-09,"16h","all_up","0",1.113276645,1.113276645,1.113276645,"16h_all_up"
"WNT11",2,-0.161256329,0.082754794,0.054394947,0.526899851,0.266119089,0.025271299,0.83480985,1.04e-08,"16h","all_up","0",0.83480985,0.83480985,0.83480985,"16h_all_up"
"WWTR1",5,0.012586808,0.87265364,0.183017813,0.032860351,0.086666175,0.460072023,1.060632741,1.36e-09,"16h","all_up","0",1.060632741,1.060632741,1.060632741,"16h_all_up"
"XBP1",5,0.052058248,0.503126022,0.048795462,0.566706376,0.502210348,2.65e-05,1.202161662,7.62e-11,"16h","all_up","HDF",1.202161662,1.202161662,1.202161662,"16h_all_up"
"ZBED3",2,-0.23363227,0.048668434,0.032350106,0.693741553,0.064725112,0.407193605,0.682101248,4e-07,"16h","all_up","0",0.682101248,0.682101248,0.682101248,"16h_all_up"
"ZBTB47",2,-0.117333297,0.47134951,0.486685206,0.001262127,0.206231486,0.120521235,0.611712006,5.47e-06,"16h","all_up","0",0.611712006,0.611712006,0.611712006,"16h_all_up"
"ZBTB8B",4,0.088271989,0.365689638,0.253867856,0.008751734,-0.104137123,0.293142576,-0.694116826,7.83e-07,"16h","all_down","0",-0.694116826,0.694116826,-0.694116826,"16h_all_down"
"ZC3H6",2,-0.001785803,0.986070735,-0.031326256,0.820912069,0.073736305,0.550588873,1.052391159,2.45e-06,"16h","all_up","0",1.052391159,1.052391159,1.052391159,"16h_all_up"
"ZDBF2",6,0.116842478,0.386353338,-0.066553852,0.677227392,0.258544748,0.073085389,0.61173796,0.000473906,"16h","all_up","0",0.61173796,0.61173796,0.61173796,"16h_all_up"
"ZDHHC23",4,0.077906451,0.405793959,0.039361414,0.578452965,0.058729573,0.52756247,-0.64652672,6.69e-05,"16h","all_down","0",-0.64652672,0.64652672,-0.64652672,"16h_all_down"
"ZFP161",4,-0.013400985,0.905823132,-0.005073882,0.954996683,-0.194552516,0.060063585,-0.717100828,1.44e-06,"16h","all_down","0",-0.717100828,0.717100828,-0.717100828,"16h_all_down"
"ZFP2",5,0.030678675,0.451467965,-0.022869549,0.605931628,0.182850238,0.006152123,0.628884922,2.53e-08,"16h","all_up","0",0.628884922,0.628884922,0.628884922,"16h_all_up"
"ZFX",5,0.164343516,0.06914219,0.019528213,0.782015268,0.229835162,0.013439105,0.63311705,4.64e-06,"16h","all_up","0",0.63311705,0.63311705,0.63311705,"16h_all_up"
"ZGLP1",2,-0.172667006,0.143094202,0.357509482,0.001738132,0.286818236,0.014471099,0.863641313,7.27e-08,"16h","all_up","0",0.863641313,0.863641313,0.863641313,"16h_all_up"
"ZNF165",5,-0.006027286,0.974853484,0.543007257,0.003595199,0.907506745,0.000816824,1.380797514,2.19e-09,"12h,16h","all_up","0",1.14415213,1.380797514,1.380797514,"12h,16h_all_up"
"ZNF215",4,-0.037073594,0.804378949,0.22006023,0.091963779,-0.24174503,0.097254407,-0.866325529,2.06e-07,"16h","all_down","0",-0.866325529,0.866325529,-0.866325529,"16h_all_down"
"ZNF256",2,-0.104929487,0.535675894,0.354008454,0.020666545,-0.161699838,0.263077937,0.689636192,3.14e-06,"16h","all_up","0",0.689636192,0.689636192,0.689636192,"16h_all_up"
"ZNF295",2,0.004620336,0.958085581,-0.071179286,0.634060794,-0.051555356,0.699375625,0.91271739,8.62e-08,"16h","all_up","0",0.91271739,0.91271739,0.91271739,"16h_all_up"
"ZNF362",4,-0.167964828,0.095680119,-0.224109778,0.131064054,-0.058196064,0.673566069,-0.817346922,3.56e-07,"16h","all_down","0",-0.817346922,0.817346922,-0.817346922,"16h_all_down"
"ZNF367",4,-0.033390127,0.798524935,-0.12513336,0.369528864,-0.57133556,0.000202869,-0.808845783,1.18e-05,"16h","all_down","0",-0.808845783,0.808845783,-0.808845783,"16h_all_down"
"ZNF503-AS1",2,-0.043997919,0.70281956,0.189542513,0.102820765,0.017739516,0.853986035,0.766632199,1.9e-06,"16h","all_up","0",0.766632199,0.766632199,0.766632199,"16h_all_up"
"ZNF514",4,0.115192934,0.25523254,0.115840578,0.196520485,0.097364113,0.205676345,-0.598769944,0.000105443,"16h","all_down","0",-0.598769944,0.598769944,-0.598769944,"16h_all_down"
"ZNF577",5,-0.01091445,0.927715769,0.337968608,0.019463375,0.15585278,0.258304384,1.102057358,2.23e-09,"16h","all_up","0",1.102057358,1.102057358,1.102057358,"16h_all_up"
"ZNF605",5,-0.106877614,0.465692913,0.215046374,0.114052147,-0.154535703,0.208924729,0.780945095,4.6e-06,"16h","all_up","0",0.780945095,0.780945095,0.780945095,"16h_all_up"
"ZRSR2",2,0.250919369,0.135654482,0.450357142,0.000252018,0.157506119,0.093174704,0.630102516,1.94e-05,"16h","all_up","0",0.630102516,0.630102516,0.630102516,"16h_all_up"
"ZSCAN18",2,-0.132956987,0.29170143,0.081892088,0.623641546,0.060680842,0.682238635,0.836018988,5.26e-08,"16h","all_up","0",0.836018988,0.836018988,0.836018988,"16h_all_up"
